customer_id,document_number,document_type,first_name,last_name,date_of_birth,gender,email,mobile_phone,landline_phone,address,city,state,country,postal_code,detected_accent,segment,credit_score,estimated_monthly_income,occupation,marital_status,education_level,registration_date,registration_branch_id,customer_status,last_updated,accepts_marketing
CLI-1AS0INHPK43M,60627170,DNI,Zabe,Tetala Riri,1997-06-12,O,zabe.tetala54@example.com,+54 4 56 6097 1999,+54 66 0205 1688,"Pasaje Ranira 553, Barrio Nofega",Querétaro,Querétaro,México,,,Basic,600.0,29888.35,Employee,Single,High School,2023-03-29 05:18:09,SUC-SZT3H5RP,Active,2024-03-15 05:18:09,False
CLI-1DC1593XLI10,08830630,DNI,Mosi,Nodojo Mira,1946-01-16,M,mosi.nodojo84@example.com,+54 4 89 0009 8244,+54 74 0268 3703,"Avenida Tozafa 623, Barrio Vinimo",Monterrey,Nuevo León,México,64000,mexican,Basic,624.0,41381.46,Director,,High School,2020-06-10 15:45:01,SUC-YHXV1O94,Active,2021-04-27 15:45:01,False
CLI-1PQOJNHN9ASF,96569585,DNI,Safi,Ludate Liraba,1950-12-16,F,safi.ludate45@example.com,+54 3 61 2693 4974,+54 81 1807 0585,"Calle Vetisa 541, Barrio Taligo",Tijuana,Baja California,México,22000,,Basic,,15846.95,Lawyer,Divorced,Elementary,2022-12-02 01:00:36,SUC-SPQ7LO1H,Active,2023-06-22 01:00:36,False
CLI-2LQL5P2NJS9B,04627929,DNI,Devimi,Tavabo Seme,2003-06-18,O,devimi.tavabo96@example.com,+54 3 69 4940 9904,,"Boulevard Venara 733, Barrio Somobo",Querétaro,Querétaro,México,76000,mexican,Basic,609.0,42897.47,Homemaker,Widowed,University,2025-12-04 10:04:54,SUC-2EXOVJLR,Active,2026-09-13 10:04:54,True
CLI-3LBRN1SGWSLJ,81547243,DNI,Fivave,Bemi Luva,1989-07-25,F,fivave.bemi00@example.com,+54 8 31 8928 1138,+54 09 7251 8877,"Avenida Jozono 33, Barrio Tezati",Monterrey,Nuevo León,México,64000,,Plus,707.0,103402.14,Retired,Single,College Prep,2026-04-25 23:53:42,SUC-Z7V5BMGA,Active,2027-04-02 23:53:42,False
CLI-3XGV18QB96P9,26445871,DNI,Jaloto Lavi,Tore Tiroba,1995-02-14,F,jaloto.tore18@example.com,+54 6 79 3908 7370,+54 90 5125 4328,"Boulevard Fagamo 397, Barrio Ramose",Monterrey,Nuevo León,México,64000,,Basic,588.0,38235.49,Merchant,Single,College Prep,2023-07-23 03:27:23,SUC-KG5A1NMR,Active,2024-02-27 03:27:23,True
CLI-4QR1L5H7FKTD,X4511582,Pasaporte,Liza Lalobe,Somo Lave,1966-09-03,M,liza.somo55@example.com,+57 069 936 1417,+57 1 452 8245,"Pasaje Fagoro 517, Barrio Mibora",Medellín,Antioquia,Colombia,51017,,Basic,,,,,University,2025-08-26 03:14:46,SUC-Q5B538G5,Active,2025-11-05 03:14:46,True
CLI-5L6EGAWYR2Q2,10515136,DNI,Tive,Saja Maja,1980-03-27,F,tive.saja47@example.com,+54 7 87 4978 6985,,"Calle Golaja 317, Barrio Vasoto",Córdoba,Córdoba,Argentina,X5000,,Plus,749.0,2854777.59,Independent Professional,Single,University,2020-06-13 17:31:50,SUC-MDJZXZA2,Active,2021-04-09 17:31:50,False
CLI-5N42HUM8D4H6,29884238,DNI,Nave Miteda,Sami Luluba,1982-04-12,O,nave.sami48@example.com,+54 0 36 7537 4893,,"Pasaje Lunega 46, Barrio Nabose",Rosario,Santa Fe,Argentina,S2000,argentine,Basic,560.0,291043.34,Student,Divorced,University,2021-06-30 23:10:58,SUC-FCPRH9UB,Active,2021-12-26 23:10:58,False
CLI-6VCS2LIRSE4Y,1972016876,CC,Vatite Maba,Bone Nove,1957-03-18,F,vatite.bone37@example.com,,+57 6 143 3619,"Boulevard Rizota 225, Barrio Salalu",Medellín,Antioquia,Colombia,51213,colombian,Basic,586.0,11097119.39,Entrepreneur,Widowed,College Prep,2019-10-25 16:28:48,SUC-S9B0HJPS,Active,2020-10-22 16:28:48,True
CLI-7A9F4VIGPO6R,L7300826,Pasaporte,Mesi,Jovifa Sodo,1948-11-18,M,mesi.jovifa01@example.com,+57 699 951 6725,,"Carrera Domofa 614, Barrio Betoja",Cartagena,Bolívar,Colombia,130005,,Plus,756.0,34687036.35,Merchant,Divorced,High School,2023-08-31 03:23:47,SUC-D68UIYHD,Active,2024-06-11 03:23:47,False
CLI-7HIH47RP95JX,16356685,DNI,Nive Lira,Midelu Veba,1974-07-07,O,,+54 3 34 3532 2557,,"Carrera Rarade 929, Barrio Vefeva",Rosario,Santa Fe,Argentina,S2000,argentine,Basic,571.0,715823.96,Teacher,Widowed,University,2024-11-06 07:20:37,SUC-JNSNGCTC,Active,2025-05-20 07:20:37,True
CLI-7HT38ZKBZB3M,B9214457,Pasaporte,Vagose,Vefe Ranole,1992-07-29,M,vagose.vefe13@example.com,,,"Boulevard Milave 277, Barrio Latofi",Cali,Valle del Cauca,Colombia,,,Plus,,22039669.93,Doctor,Widowed,,2024-07-01 20:58:36,SUC-1G9ADCQZ,Inactive,2025-04-27 20:58:36,False
CLI-7P0ZUEV7Y4EH,86714127,DNI,Sano Nila,Luti Fimami,1951-12-08,O,sano.luti04@example.com,+54 2 09 9297 8244,+54 62 3785 4701,,Puebla,Puebla,México,,,Plus,708.0,136721.09,Consultant,Single,Graduate,2025-07-19 02:54:27,SUC-GF9HDSIU,Active,2025-07-29 02:54:27,False
CLI-898HYDPSE4K6,09632451,DNI,Namejo Meza,Miti Mede,1946-12-09,F,namejo.miti75@example.com,+54 5 09 1651 3357,+54 41 6875 6525,"Boulevard Lalure 205, Barrio Titesa",Guadalajara,Jalisco,México,44100,mexican,Basic,595.0,31233.09,Retired,Married,University,2025-09-24 09:28:34,SUC-I7EE7463,Active,2026-03-04 09:28:34,False
CLI-8QOOAQN2VSCE,K6131102,Pasaporte,Besa Zodo,Feme Loli,2004-06-27,F,besa.feme67@example.com,+57 915 453 5124,,"Carrera Fiteri 644, Barrio Tetema",Medellín,Antioquia,Colombia,51038,colombian,Basic,602.0,10000157.34,Lawyer,Widowed,Elementary,2021-11-04 16:08:39,SUC-BMXB863X,Inactive,2022-02-10 16:08:39,False
CLI-9MNRLM8SP9QI,33955185,DNI,Sefiva,Sone Jafibo,1943-08-04,M,sefiva.sone91@example.com,+54 7 01 0276 0257,+54 49 3367 3170,"Pasaje Mazole 29, Barrio Niluno",Ciudad de México,Ciudad de México,México,01000,mexican,Premium,797.0,155934.1,Lawyer,Single,University,2024-11-15 14:20:09,SUC-IGBFVJPD,Active,2024-12-06 14:20:09,False
CLI-A4SWQDV7XTYM,56329998,DNI,Bobago,Mobote Lora,1946-01-21,M,bobago.mobote42@example.com,+54 5 78 9044 5016,,"Boulevard Donini 595, Barrio Retaza",Córdoba,Córdoba,Argentina,,argentine,Basic,605.0,884292.91,Salesperson,Divorced,High School,2023-03-23 17:54:38,SUC-B3YSYS8C,Active,2023-11-24 17:54:38,False
CLI-AKACM6D5362F,65577640,DNI,Vavaso,Bosana Fefese,1954-09-06,M,vavaso.bosana40@example.com,+54 8 15 2711 3493,+54 77 6720 0122,"Avenida Metobi 883, Barrio Tinono",Ciudad de México,Ciudad de México,México,01000,mexican,Basic,642.0,16152.67,Consultant,Married,,2021-02-05 12:48:34,SUC-A0U9KFZE,Active,2021-02-23 12:48:34,True
CLI-AMN80XXN1DT6,13101712,DNI,Falafe,Vinofe Nere,1957-12-03,M,falafe.vinofe26@example.com,,,,Querétaro,Querétaro,México,76000,mexican,Basic,,,,Married,University,2024-12-12 10:48:19,SUC-EY8WTQUM,Inactive,2025-08-27 10:48:19,True
CLI-BH1ZBAHAHTEN,86565002,DNI,Bito Bivi,Tebebi Denoso,1976-02-15,M,bito.tebebi50@example.com,+54 8 31 1471 9200,+54 55 2196 7017,"Carrera Sifafa 340, Barrio Nezoja",Tijuana,Baja California,México,22000,mexican,Basic,607.0,,,Divorced,College Prep,2020-11-23 07:56:16,SUC-89OQPP8Q,Active,2021-03-14 07:56:16,True
CLI-C0RXL4J0SXGR,86188470,DNI,Tigasi,Lero Gavimo,1949-11-28,M,tigasi.lero60@example.com,+54 6 57 7744 2935,+54 79 4653 9466,"Pasaje Sitito 228, Barrio Lafine",Tijuana,Baja California,México,22000,mexican,Basic,,21020.79,Director,Single,High School,2023-03-14 03:13:32,SUC-S8YMUE31,Active,2023-06-29 03:13:32,True
CLI-C9F3EFNAUCRP,5695199976,CC,Lata Vani,Jame Jaga,1998-03-25,M,lata.jame81@example.com,+57 641 273 3354,+57 6 761 5441,"Pasaje Nidota 760, Barrio Gamomi",Barranquilla,Atlántico,Colombia,,colombian,Basic,,11007468.4,,Divorced,High School,2026-02-09 04:54:55,SUC-GTUUAIGX,Suspended,2026-12-06 04:54:55,False
CLI-CGS8YGQUFDAN,N2975780,Pasaporte,Rojabe,Bira Lijo,1999-02-16,O,rojabe.bira14@example.com,+57 175 238 5331,,"Pasaje Vazata 393, Barrio Movini",Barranquilla,Atlántico,Colombia,80359,colombian,Plus,694.0,28947456.49,Engineer,Married,College Prep,2022-03-30 07:05:35,SUC-XSQ56970,Active,2022-11-28 07:05:35,False
CLI-CTY661KC9RAS,H1860548,Pasaporte,Lofe,Rifi Laveve,2001-01-01,F,lofe.rifi28@example.com,+57 894 118 8852,+57 8 081 2012,"Calle Sabobo 331, Barrio Tilina",Medellín,Antioquia,Colombia,,,Basic,594.0,3621436.29,Homemaker,Married,College Prep,2023-04-30 20:01:03,SUC-UV70CYX1,Active,2023-07-20 20:01:03,True
CLI-DMSDCHOBUHLX,76471682,DNI,Tivene,Lobove Tibi,1998-11-04,M,tivene.lobove26@example.com,+54 3 40 9705 9414,,"Avenida Rivido 351, Barrio Mosali",Querétaro,Querétaro,México,76000,mexican,Basic,604.0,41142.45,Consultant,Divorced,College Prep,2021-04-26 18:12:13,SUC-0JC00BQJ,Inactive,2021-11-12 18:12:13,True
CLI-EJXBYCD0J96O,44690356,DNI,Fabema,Rotifa Nebene,1953-06-11,F,fabema.rotifa90@example.com,+54 3 77 4497 8963,+54 74 4508 2400,"Calle Rijabe 677, Barrio Rilado",Puebla,Puebla,México,72000,mexican,Plus,752.0,117569.5,Retired,Widowed,,2022-08-27 23:00:16,SUC-B878149R,Active,2023-02-27 23:00:16,False
CLI-END66G0XIF95,14245644,DNI,Sebilu,Ridoni Vamota,1978-03-06,M,sebilu.ridoni48@example.com,,,"Calle Luzari 339, Barrio Ludelo",Ciudad de México,Ciudad de México,México,01000,mexican,Basic,613.0,43690.18,Student,,College Prep,2019-04-19 12:08:40,SUC-7FHQHHKQ,Active,2019-12-13 12:08:40,False
CLI-ENKUS1R7IGTO,31618396,DNI,Baligo,Dededa Doli,1952-02-05,O,baligo.dededa89@example.com,+54 3 49 7014 1358,+54 93 3393 1856,"Carrera Sataza 812, Barrio Vesomo",Guadalajara,Jalisco,México,44100,mexican,Basic,543.0,22907.16,Accountant,Widowed,College Prep,2018-06-25 14:34:37,SUC-39R6QMI5,Active,2019-05-02 14:34:37,True
CLI-FKPNY8NAT22F,31654657,DNI,Nari,Goli Malali,1962-08-16,M,nari.goli98@example.com,+54 8 74 5844 4699,+54 69 1428 8288,"Calle Momiva 995, Barrio Janobi",Querétaro,Querétaro,México,76000,,Premium,705.0,392727.8,Doctor,,University,2025-02-25 22:49:32,SUC-HSBYBJZE,Active,2025-09-04 22:49:32,True
CLI-FY5RJI3Q5D6U,50698360,DNI,Mifa,Siramo Taza,1948-10-29,O,mifa.siramo59@example.com,+54 1 72 8330 4285,+54 51 2505 5045,"Carrera Baledo 797, Barrio Lisajo",Puebla,Puebla,México,72000,mexican,Basic,598.0,37117.93,Student,Divorced,Elementary,2024-11-05 20:17:28,SUC-ZJ6B2PNQ,Suspended,2025-03-14 20:17:28,True
CLI-H6OV6I0CT5IX,60776015,DNI,Fine,Nezo Lezoba,1942-12-25,F,fine.nezo77@example.com,+54 1 32 7689 8031,+54 88 0114 5359,"Calle Tanoza 710, Barrio Dabiso",Querétaro,Querétaro,México,76000,mexican,Basic,578.0,37870.15,Technician,Divorced,Graduate,2019-12-18 08:38:44,SUC-OHE4NC1J,Active,2020-10-23 08:38:44,True
CLI-IA17OMLTE32I,3568020,CE,Jade,Gare Sive,1980-09-17,F,jade.gare76@example.com,+57 335 910 9073,,"Avenida Nezolo 339, Barrio Sabemo",Bogotá,Cundinamarca,Colombia,,colombian,Student,,3927539.73,Technician,Single,Elementary,2019-09-26 11:09:22,SUC-4QIZ0GXQ,Active,2020-09-24 11:09:22,False
CLI-IMCRTKL094T5,72022103,DNI,Beteti,Bamave Tore,1991-04-26,O,beteti.bamave73@example.com,+54 8 69 4440 0925,,"Calle Nanema 843, Barrio Navide",Querétaro,Querétaro,México,76000,mexican,Plus,713.0,100017.9,Entrepreneur,Widowed,College Prep,2018-06-19 15:01:08,SUC-65EM4MGP,Active,2019-05-28 15:01:08,True
CLI-IX877AHQ2942,61301494,DNI,Tilu,Nena Lumive,2005-10-13,F,tilu.nena97@example.com,+54 4 88 6386 3435,,"Pasaje Lebide 761, Barrio Natala",Puebla,Puebla,México,72000,mexican,Basic,582.0,23811.25,Engineer,Single,College Prep,2023-02-11 09:59:10,SUC-H4T4JQQX,Active,2023-09-08 09:59:10,True
CLI-IZX582QFYSNH,57880477,DNI,Teba Sinita,Davi Nani,1951-12-01,F,teba.davi17@example.com,+54 5 60 5923 0517,+54 31 1557 8746,"Carrera Fisani 244, Barrio Luvefe",Córdoba,Córdoba,Argentina,X5000,argentine,Basic,659.0,316642.55,Teacher,Divorced,High School,2023-02-24 12:47:36,SUC-1HR5RIRA,Active,2023-03-11 12:47:36,True
CLI-J9EWXIOYWJ7R,80404692,DNI,Mafe,Befali Delolu,1989-04-01,F,mafe.befali36@example.com,,,"Boulevard Salara 733, Barrio Rerila",Puebla,Puebla,México,72000,mexican,Basic,563.0,28758.1,,Married,College Prep,2022-03-24 02:10:21,SUC-4WG5ZP3U,Active,2023-01-28 02:10:21,True
CLI-JHN3W46AKAVA,6582085213,CC,Levana,Fegosi Somale,1972-12-07,M,levana.fegosi25@example.com,+57 790 284 4702,+57 8 575 0472,"Boulevard Zofani 617, Barrio Vemega",Bogotá,Cundinamarca,Colombia,111136,colombian,Basic,581.0,9841748.02,Lawyer,Divorced,College Prep,2021-05-04 21:38:11,SUC-UBHZ77VL,Active,2022-02-20 21:38:11,True
CLI-JRCTRZ2GTFG8,0647701,CE,Fitave Sabofe,Deno Navano,1950-10-02,F,fitave.deno68@example.com,+57 611 298 9395,,"Pasaje Jadete 204, Barrio Nidona",Cali,Valle del Cauca,Colombia,,,Basic,545.0,6214400.54,Merchant,Married,High School,2019-11-25 22:47:49,SUC-VKKE8R52,Active,2020-10-04 22:47:49,False
CLI-K0GJBJFDKIBO,8954411,CE,Leseta,Linoba Sijaza,1974-02-20,O,leseta.linoba81@example.com,+57 186 525 3825,+57 3 759 6894,"Carrera Nomano 449, Barrio Toderi",Bogotá,Cundinamarca,Colombia,111886,colombian,Basic,648.0,6695779.64,Entrepreneur,Widowed,High School,2019-01-22 18:55:29,SUC-ZZQYG2U5,Active,2019-05-15 18:55:29,True
CLI-KDRMF6UI68X1,46679381,DNI,Retela Masa,Loga Fena,1984-05-13,M,retela.loga82@example.com,+54 1 31 2662 5046,,"Avenida Rirave 32, Barrio Jolemo",Monterrey,Nuevo León,México,64000,mexican,Basic,565.0,43778.53,,Married,High School,2020-03-21 12:30:58,SUC-8JP0IS27,Active,2020-09-12 12:30:58,False
CLI-KKSHE4CEJ1IT,8570860955,CC,Dase,Dorese Ribade,1987-06-09,F,dase.dorese21@example.com,+57 334 672 9049,,"Pasaje Tireri 138, Barrio Togato",Cali,Valle del Cauca,Colombia,761813,colombian,Student,772.0,3216686.69,,Divorced,University,2021-08-17 05:12:37,SUC-UG9B1MNZ,Inactive,2021-09-09 05:12:37,True
CLI-KPSJJBMAOLO1,68386595,DNI,Firito Rati,Medobi Zote,1993-08-06,M,firito.medobi79@example.com,+54 2 20 3101 8631,+54 26 4574 3739,"Calle Ragabi 49, Barrio Basalo",Tijuana,Baja California,México,22000,,Basic,567.0,36745.21,Teacher,Divorced,College Prep,2023-11-26 01:00:46,SUC-IJKCUSBX,Active,2024-03-15 01:00:46,False
CLI-LY690HP4ON5N,I2691530,Pasaporte,Mave,Dozo Lole,1967-11-23,M,mave.dozo07@example.com,+57 183 438 2864,+57 5 586 7644,"Pasaje Miroza 522, Barrio Zavedo",Medellín,Antioquia,Colombia,50793,colombian,Basic,646.0,9019644.59,Salesperson,Widowed,College Prep,2023-10-01 09:00:34,SUC-MXV8NLU3,Closed,2024-02-29 09:00:34,False
CLI-M78UJJ6XFNOT,75747948,DNI,Dese,Netigo Sale,1997-03-12,M,dese.netigo23@example.com,+54 6 52 6234 1816,+54 23 8321 9150,"Carrera Sonate 282, Barrio Moleda",Córdoba,Córdoba,Argentina,X5000,argentine,Plus,638.0,3399900.35,Accountant,Widowed,College Prep,2021-03-24 06:59:57,SUC-24D6PTXN,Active,2021-10-23 06:59:57,True
CLI-N9ZXVIIXZ6JN,96272015,DNI,Josi,Taja Somolu,1990-06-02,M,josi.taja92@example.com,+54 6 70 7986 2804,+54 81 4651 0843,"Calle Javavi 557, Barrio Robobo",Córdoba,Córdoba,Argentina,,argentine,Basic,567.0,434961.95,Doctor,Single,High School,2026-06-07 11:50:21,SUC-6P6L7RQ7,Closed,2026-11-10 11:50:21,False
CLI-NOC612SZ8VKJ,8805802778,CC,Mitosa Roro,Dani Robolu,1959-11-20,M,mitosa.dani87@example.com,+57 790 681 4373,+57 1 265 0521,"Boulevard Bivifi 691, Barrio Jazado",Cali,Valle del Cauca,Colombia,762743,colombian,Student,590.0,2334505.36,Doctor,Married,High School,2022-08-19 23:05:29,SUC-ZYQ5KQP8,Active,2022-09-29 23:05:29,False
CLI-NSTPTDK3BPGH,90074871,DNI,Luti,Tiga Notivi,1969-07-15,F,luti.tiga17@example.com,+54 2 88 0552 3083,+54 62 1807 1675,"Calle Nomora 861, Barrio Vizomi",Córdoba,Córdoba,Argentina,X5000,argentine,Basic,630.0,664418.76,,Divorced,Elementary,2023-01-13 12:06:51,SUC-RFNVXRW8,Active,2023-07-15 12:06:51,False
CLI-ODH9G3RG7J9J,I6004895,Pasaporte,Fafa,Damega Bodati,1959-01-10,M,fafa.damega89@example.com,+57 422 276 5258,,"Calle Zomobi 803, Barrio Lamade",Cali,Valle del Cauca,Colombia,,,Basic,590.0,8396586.39,Retired,Married,College Prep,2023-01-13 03:09:28,SUC-FODDIAPH,Active,2023-02-23 03:09:28,False
CLI-OTYTZE2FLKFL,79077611,DNI,Sotero Degara,Boroja Bamati,1949-12-18,O,sotero.boroja91@example.com,+54 5 05 1695 6313,,"Avenida Melemi 133, Barrio Jarase",Tijuana,Baja California,México,22000,mexican,Plus,759.0,57385.07,Entrepreneur,Married,College Prep,2024-11-19 11:29:07,SUC-QO1QMSK7,Active,2025-10-07 11:29:07,False
CLI-P22FY6SYK6NO,14082530,DNI,Faluse,Tazafe Lano,1949-08-21,F,faluse.tazafe71@example.com,+54 5 26 3630 9529,,"Boulevard Fefeni 449, Barrio Rovese",Mendoza,Mendoza,Argentina,M5500,,Premium,832.0,7245665.43,Accountant,Widowed,University,2020-05-08 20:50:42,SUC-1M8VRZKD,Active,2020-12-30 20:50:42,True
CLI-P2CRX7C6QTWG,21789736,DNI,Torabi,Fela Rijori,1969-08-03,F,torabi.fela88@example.com,+54 4 30 4231 0626,,"Carrera Norire 45, Barrio Satese",Puebla,Puebla,México,72000,mexican,Basic,567.0,,Director,Married,,2018-06-29 22:17:53,SUC-BO37YEHL,Active,2018-10-09 22:17:53,False
CLI-Q6CL8Y1VMVSB,5614105,CE,Binabe Bojote,Jati Latosi,1942-09-15,M,binabe.jati42@example.com,+57 070 427 9825,,"Pasaje Bolijo 489, Barrio Marero",Barranquilla,Atlántico,Colombia,80844,colombian,Basic,659.0,,Retired,Married,Elementary,2020-02-19 20:56:02,SUC-F8IYX7QB,Active,2020-06-26 20:56:02,False
CLI-QZGUG3KBZ2ZG,46851601,DNI,Tava,Neleti Fetara,1996-11-24,O,tava.neleti01@example.com,+54 9 57 4131 2903,+54 15 8024 2366,"Avenida Linoda 961, Barrio Javate",Tijuana,Baja California,México,22000,mexican,Basic,630.0,14472.54,Independent Professional,Single,College Prep,2026-01-21 06:55:51,SUC-EYZYN0YG,Active,2026-07-26 06:55:51,True
CLI-R53C8RPXD32P,X9295957,Pasaporte,Faza,Siriva Lagare,1981-12-18,O,faza.siriva28@example.com,+57 652 340 6306,+57 5 938 6230,"Avenida Veseva 717, Barrio Jofalu",Barranquilla,Atlántico,Colombia,80575,colombian,Basic,,8791592.98,Entrepreneur,Single,Graduate,2019-02-21 17:27:15,SUC-IISIVNDS,Active,2019-10-22 17:27:15,False
CLI-RKIFX1G2SP3M,09023865,DNI,Romira Zorilo,Firido Rilite,1944-12-25,M,romira.firido94@example.com,+54 2 80 0866 5180,,"Boulevard Tinema 362, Barrio Sifeme",Ciudad de México,Ciudad de México,México,01000,mexican,Basic,585.0,14316.56,Technician,Widowed,University,2020-09-17 21:13:06,SUC-PIYPHZ4Y,Active,2021-07-22 21:13:06,True
CLI-S21M6QBBQ32X,32344069,DNI,Rini Misi,Sato Bizolu,1971-10-13,O,rini.sato83@example.com,+54 5 00 7638 4045,+54 26 3185 7534,"Calle Jarisa 809, Barrio Vinari",Rosario,Santa Fe,Argentina,S2000,argentine,Student,,,Student,Single,University,2025-10-01 03:41:19,SUC-FTY9KH5R,Active,2026-09-13 03:41:19,True
CLI-SZ2W0R1BX8S0,S9998110,Pasaporte,Lugafi Janaro,Nimasa Zasire,1945-11-29,M,lugafi.nimasa68@example.com,+57 106 327 9192,+57 8 396 9146,"Avenida Bamofa 631, Barrio Movese",Bogotá,Cundinamarca,Colombia,111340,colombian,Basic,607.0,9107677.42,Engineer,,High School,2025-09-17 05:05:19,SUC-ZECM9564,Active,2026-09-17 05:05:19,True
CLI-SZHLZ1F4MOTC,81119547,DNI,Mijo,Mebaro Siri,1951-05-24,O,mijo.mebaro83@example.com,+54 7 16 0062 3844,+54 39 9941 1042,"Pasaje Jatafa 198, Barrio Dovina",Puebla,Puebla,México,72000,mexican,Basic,593.0,23135.3,Technician,Married,High School,2022-02-02 12:38:44,SUC-EF48CKS6,Active,2022-10-25 12:38:44,False
CLI-TJIM7P52K5F7,92376578,DNI,Sivi Lasebe,Zoma Nani,1993-09-22,M,sivi.zoma66@example.com,+54 9 49 6111 6181,,"Boulevard Fativa 484, Barrio Sotali",Guadalajara,Jalisco,México,44100,mexican,Premium,846.0,472900.83,Salesperson,Widowed,High School,2024-02-17 01:08:31,SUC-64HOWLRB,Active,2024-11-10 01:08:31,True
CLI-TP8JBA2IK7EJ,83765440,DNI,Vasi,Reta Rere,1948-06-03,F,vasi.reta59@example.com,+54 5 08 3252 9543,+54 42 3701 6962,"Boulevard Ferela 761, Barrio Banona",Guadalajara,Jalisco,México,44100,mexican,Basic,519.0,22242.69,,Divorced,College Prep,2024-06-24 14:45:34,SUC-ZPCM75ZE,Active,2025-01-08 14:45:34,True
CLI-TRFWX6YMZG7G,2363694722,CC,Vada Joviso,Tidoja Fibega,1998-11-13,O,vada.tidoja16@example.com,+57 738 329 8818,,"Boulevard Tatoli 7, Barrio Gofelo",Barranquilla,Atlántico,Colombia,80880,,Basic,,11078976.54,Administrative,Divorced,High School,2025-02-13 06:01:31,SUC-WTQK1TKG,Active,2025-03-19 06:01:31,False
CLI-TRSQ3XMFRJAC,14192870,DNI,Lesa,Mina Jomolu,1963-02-25,F,lesa.mina15@example.com,+54 8 45 9296 3599,+54 36 0887 6244,"Pasaje Basele 356, Barrio Banodo",Puebla,Puebla,México,72000,mexican,Basic,596.0,45138.52,Manager,Widowed,Elementary,2022-11-25 04:23:18,SUC-8QS9VKBF,Inactive,2023-09-12 04:23:18,True
CLI-U8JZASBAZZ8W,14294149,DNI,Majano,Labola Lali,1993-07-15,O,majano.labola84@example.com,+54 3 26 4712 3409,+54 81 9354 5680,"Calle Zaveli 175, Barrio Novada",Tijuana,Baja California,México,22000,,Basic,542.0,26850.76,,Married,High School,2026-01-28 20:26:53,SUC-27N23Y0I,Suspended,2026-08-18 20:26:53,False
CLI-UHMB1J1GBKG4,1425000,CE,Babe Bali,Zotevi Josomi,2004-12-06,F,babe.zotevi31@example.com,+57 440 320 1263,,"Pasaje Gatona 402, Barrio Ronofi",Cali,Valle del Cauca,Colombia,762508,colombian,Premium,850.0,90282610.25,,Widowed,High School,2024-12-21 15:02:14,SUC-8ECIV4YF,Active,2025-02-25 15:02:14,False
CLI-UWPSMKLGJ4HM,70748623,DNI,Rotere,Five Sese,1952-07-07,O,rotere.five99@example.com,+54 0 46 1682 3107,,"Avenida Jonade 364, Barrio Salote",Ciudad de México,Ciudad de México,México,01000,mexican,Plus,687.0,,Administrative,Divorced,High School,2019-12-14 16:48:43,SUC-UX6NF9DV,Active,2020-02-28 16:48:43,True
CLI-VHBEU7EEMIV1,39569989,DNI,Majo,Vajo Fimovi,2003-05-03,F,majo.vajo23@example.com,+54 0 52 5964 7195,,"Calle Nelota 887, Barrio Nifemo",Buenos Aires,Ciudad Autónoma de Buenos Aires,Argentina,C1000,argentine,Basic,634.0,724598.46,,Married,,2025-12-23 00:31:13,SUC-FHW1ZMAF,Active,2026-12-05 00:31:13,True
CLI-VU58CMFRCIP7,40599929,DNI,Mato Lovezo,Lebo Menono,1955-06-23,F,mato.lebo59@example.com,+54 0 76 1719 8268,+54 30 2109 0098,"Calle Dotati 913, Barrio Lunita",Querétaro,Querétaro,México,76000,,Plus,672.0,,Director,Single,,2023-10-02 03:27:49,SUC-G5Y51X73,Active,2024-08-21 03:27:49,True
CLI-VZJTC6LU907T,14565380,DNI,Mela Ramo,Mimo Lofabi,1966-02-07,F,mela.mimo42@example.com,+54 8 36 0540 8483,+54 42 3598 5490,"Boulevard Tanori 222, Barrio Zarojo",Guadalajara,Jalisco,México,44100,,Basic,584.0,17455.85,Consultant,Married,High School,2021-09-02 05:39:09,SUC-5ZUO2Y9V,Active,2022-03-16 05:39:09,False
CLI-W6CYG2XGJXVX,12199487,DNI,Vebaja,Nomi Zobe,1943-02-23,M,vebaja.nomi87@example.com,+54 2 05 3097 8280,+54 63 8047 6939,"Avenida Gofira 906, Barrio Jofita",Monterrey,Nuevo León,México,64000,mexican,Plus,656.0,,Independent Professional,Divorced,,2025-03-22 19:18:35,SUC-HLBHTX7U,Active,2025-10-12 19:18:35,True
CLI-WKR4P95O4ZKE,29342590,DNI,Demasa,Zobesa Nibo,1990-07-29,M,demasa.zobesa78@example.com,+54 1 32 8548 1405,+54 57 9003 8931,"Pasaje Fadafa 869, Barrio Litema",Guadalajara,Jalisco,México,44100,mexican,Basic,591.0,30721.01,,Single,College Prep,2020-04-25 00:29:51,SUC-HEZE92KA,Active,2020-12-17 00:29:51,True
CLI-Y15WQL0D9JH4,10391080,DNI,Bofini,Boteri Gajogo,1984-04-30,F,bofini.boteri07@example.com,+54 7 01 6191 5536,,,Buenos Aires,Ciudad Autónoma de Buenos Aires,Argentina,C1000,argentine,Basic,595.0,790718.39,Entrepreneur,Divorced,,2018-09-28 07:42:42,SUC-V60H90AD,Active,2019-01-25 07:42:42,True
CLI-YC4WNTUC93XN,69951347,DNI,Naseno,Nirojo Befini,1973-07-12,F,naseno.nirojo01@example.com,+54 6 29 7838 2197,+54 18 3439 3559,"Calle Tameto 172, Barrio Nomiga",Buenos Aires,Ciudad Autónoma de Buenos Aires,Argentina,C1000,,Basic,549.0,505118.84,Doctor,Single,University,2024-03-22 19:58:08,SUC-9JLUQS3O,Inactive,2024-11-30 19:58:08,False
CLI-ZJCPKZZRXUR8,Q1549158,Pasaporte,Siba,Nosani Banolu,1977-07-23,O,siba.nosani89@example.com,+57 702 760 6369,,"Pasaje Remito 692, Barrio Nilabi",Medellín,Antioquia,Colombia,50046,,Plus,681.0,16298522.35,Homemaker,,High School,2019-12-31 17:56:43,SUC-9VL1FKX5,Active,2020-08-09 17:56:43,False
