product_id,customer_id,product_type,product_number,currency,current_balance,credit_limit,interest_rate,opening_date,expiration_date,opening_branch_id,product_status,opening_channel,has_linked_app,days_past_due,last_transaction_date,last_updated
PRD-01XLXEVPBCYX,CLI-8QOOAQN2VSCE,Préstamo Personal,LOAN-97288708,COP,89004082.77,107702536.71,,2022-12-01,,SUC-7P0XNXTG,Active,Branch,False,0.0,2025-07-29 03:42:44,2023-09-30 19:16:06
PRD-06IHSWOJA487,CLI-P2CRX7C6QTWG,Cuenta Ahorro,9871572655,USD,6155.44,,1.32,2020-09-13,,SUC-4XKHST63,Active,Branch,True,,2021-05-12 00:26:49,2021-03-28 14:10:14
PRD-0FF2K4AGLWFX,CLI-C0RXL4J0SXGR,Cuenta Ahorro,9889948555,USD,7324.06,,,2022-04-15,,SUC-JD6LDRA8,Active,Branch,True,,2024-09-17 02:21:34,2022-07-13 18:55:11
PRD-0MEIF8UH6MWG,CLI-END66G0XIF95,Cuenta Ahorro,6840830178,USD,4646.4,,1.57,2021-12-04,,SUC-BDUFJ6GZ,Suspended,Web,False,,,2022-03-12 03:35:07
PRD-0MZZEJ9GRJON,CLI-DMSDCHOBUHLX,Tarjeta Crédito,1611833482989338,USD,1073.84,48410.1,37.96,2026-03-03,,SUC-HWG24EKK,Blocked,Branch,True,0.0,,2027-02-03 05:35:26
PRD-0WS8606X5ZOX,CLI-7P0ZUEV7Y4EH,Cuenta Ahorro,0749896795,USD,5749.69,,2.32,2019-03-09,,SUC-EN5GYCON,Active,Branch,False,,2022-02-09 03:49:01,2019-05-29 15:27:02
PRD-18FMCIAXL72C,CLI-OTYTZE2FLKFL,Tarjeta Débito,1584271902832770,USD,1033.26,,0.0,2018-08-16,2022-08-15,SUC-NBZZWX8W,Active,Web,False,,2019-01-02 05:31:46,2019-05-04 08:56:12
PRD-19LLTE6F5IEW,CLI-R53C8RPXD32P,Tarjeta Crédito,8686732612474618,COP,8334532.45,90920814.99,34.47,2020-05-11,2023-05-11,SUC-CBGK7VQE,Active,Branch,False,60.0,2023-03-23 09:39:04,2021-03-30 22:30:28
PRD-1F6D9RZUC9QO,CLI-DMSDCHOBUHLX,Cuenta Corriente,7860538875,USD,2838.12,,0.34,2024-08-19,,SUC-5FCLNF9U,Active,Branch,True,,2025-10-11 08:30:45,2024-10-02 23:09:58
PRD-1JMI57ZE86FN,CLI-NOC612SZ8VKJ,Cuenta Corriente,6089324061,COP,11275811.11,,0.32,2018-07-06,,SUC-LBZFJAU6,Active,Branch,True,,2018-07-19 16:18:53,2019-03-09 01:54:06
PRD-1NUA24WIW2XO,CLI-Q6CL8Y1VMVSB,Tarjeta Crédito,9510085758755604,USD,1671.85,36329.19,38.47,2025-05-06,2029-05-05,SUC-XXUHP6O3,Active,Branch,True,0.0,2025-08-09 02:12:49,2026-04-23 04:19:18
PRD-1S6R3BYOZJZY,CLI-OTYTZE2FLKFL,Cuenta Ahorro,7405271381,USD,7576.32,,1.72,2021-12-04,,SUC-S3V4CSL0,Closed,App,False,,,2022-09-23 09:57:03
PRD-1WZ2UVHOSXLC,CLI-SZ2W0R1BX8S0,Préstamo Personal,LOAN-54673945,COP,37447138.62,327931194.35,27.46,2018-12-28,,SUC-DLYE60QN,Active,Branch,False,0.0,2023-08-28 02:42:10,2019-02-22 04:20:27
PRD-2TS623577SIL,CLI-DMSDCHOBUHLX,Cuenta Ahorro,8676673036,USD,3471.3,,2.68,2023-11-19,,SUC-Z7426PZT,Active,Branch,True,,2024-01-04 04:21:45,2024-07-13 06:12:26
PRD-35NHBV4A37N1,CLI-K0GJBJFDKIBO,Cuenta Ahorro,4409168632,COP,27305182.98,,2.79,2024-09-09,,SUC-DLYE60QN,Active,Branch,True,,,2024-09-11 01:59:41
PRD-3AITDB3MSAZP,CLI-1DC1593XLI10,Cuenta Ahorro,3851374122,USD,2588.18,,1.04,2018-12-15,,SUC-DN1V9J1Z,Active,App,False,,2023-07-01 14:07:16,2019-10-05 22:58:51
PRD-3KXA0I8UHFHO,CLI-NSTPTDK3BPGH,Préstamo Personal,LOAN-06666725,ARS,6547427.38,49588056.23,24.49,2020-01-09,,SUC-7TUK3JBL,Active,Branch,False,0.0,2024-12-26 07:31:39,2020-08-25 20:24:40
PRD-3MW9MQVBAPP0,CLI-7P0ZUEV7Y4EH,Cuenta Ahorro,0446945659,USD,0.0,,2.42,2024-12-16,,SUC-COPO2MJ8,Active,Branch,True,,,2025-12-12 02:16:34
PRD-3O2QE02Z3F4B,CLI-KKSHE4CEJ1IT,Cuenta Ahorro,4093383594,COP,20609231.16,,2.73,2021-11-07,,SUC-P6VSAH4U,Active,Branch,False,,2023-10-21 12:18:54,2022-07-05 19:49:07
PRD-3RQTX2R42FRO,CLI-1AS0INHPK43M,Tarjeta Crédito,2796677804012729,USD,354.43,21974.44,28.32,2022-02-15,2026-02-14,SUC-CUMTPAM3,Active,Branch,False,0.0,2024-10-31 22:05:31,2022-05-08 12:09:44
PRD-3XM5BPA6BZ9O,CLI-VU58CMFRCIP7,Cuenta Ahorro,2237228193,USD,7546.59,,1.38,2024-03-02,,SUC-2Z7NT3UT,Active,Branch,False,,2025-02-09 13:17:45,2024-05-25 12:48:28
PRD-4F35QITC0WOH,CLI-END66G0XIF95,Préstamo Hipotecario,LOAN-69044525,USD,43015.02,57706.32,7.05,2018-11-02,,SUC-QMYSBASD,Active,App,False,0.0,2025-02-13 22:10:57,2019-07-25 21:49:12
PRD-4Q97UDZVE4MS,CLI-UHMB1J1GBKG4,Tarjeta Crédito,9421256423170836,COP,6196184.64,43545395.47,19.8,2018-08-02,2023-08-01,SUC-H2ROE7C8,Active,Web,False,0.0,2018-10-31 14:17:43,2019-01-11 19:56:16
PRD-57LZ4Y4KBJ4T,CLI-2LQL5P2NJS9B,Tarjeta Crédito,0545611407418096,USD,2627.22,37149.15,21.27,2022-08-20,2026-08-19,SUC-6A2UBEHN,Active,Branch,False,0.0,2024-04-21 19:10:39,2022-10-27 11:16:40
PRD-5AO0416HM0WF,CLI-H6OV6I0CT5IX,Cuenta Corriente,7521939946,USD,1901.9,,0.19,2025-07-31,,SUC-8QU1XFUX,Active,Branch,False,,2025-12-06 12:14:20,2026-04-15 09:25:06
PRD-5DH2YXZRROYO,CLI-BH1ZBAHAHTEN,Tarjeta Crédito,0341262190249081,USD,413.02,48470.31,29.59,2018-08-23,2021-08-22,SUC-9YYT37NY,Suspended,Branch,True,0.0,,2019-07-30 04:40:28
PRD-5HZZAKVFR19T,CLI-KKSHE4CEJ1IT,Tarjeta Débito,5182359903477353,COP,2045282.33,,0.0,2023-04-12,2026-04-11,SUC-OPPQ932B,Active,Web,True,,2023-04-25 16:02:47,2023-05-19 08:45:08
PRD-5OAKISYUKZUZ,CLI-VU58CMFRCIP7,Cuenta Corriente,7844555704,USD,3573.18,,0.39,2018-07-03,,SUC-JJT8C9XQ,Active,Branch,False,,2021-10-07 09:31:04,2018-11-22 01:59:46
PRD-5ZMDTA6SDJEP,CLI-AKACM6D5362F,Cuenta Ahorro,9952079229,USD,7738.2,,2.16,2025-03-03,,SUC-TVNO2KL5,Active,Branch,True,,2025-12-03 15:31:58,2025-09-29 21:29:33
PRD-63RBJOML9YC4,CLI-DMSDCHOBUHLX,Préstamo Hipotecario,LOAN-14858884,USD,109559.69,56396.12,9.74,2022-11-21,,SUC-F61XHTE2,Active,App,False,0.0,2026-04-09 07:06:40,2023-03-05 16:58:19
PRD-6522F5GP0394,CLI-END66G0XIF95,Tarjeta Crédito,9936041690767460,USD,1006.89,43826.74,41.39,2018-07-23,2023-07-22,SUC-552N76DP,Active,Web,False,0.0,2019-01-15 00:03:25,2019-07-14 09:15:26
PRD-69ZVW4A70DKZ,CLI-4QR1L5H7FKTD,Tarjeta Crédito,8885214576490373,COP,6805904.26,29898842.96,24.4,2020-07-19,2023-07-19,SUC-HAC1OZ8F,Closed,Call Center,False,0.0,,2020-11-06 11:40:20
PRD-6D7E5ILZ8XI5,CLI-TJIM7P52K5F7,Tarjeta Crédito,9520841445504578,USD,2412.78,31983.29,19.39,2020-01-10,2024-01-09,SUC-W04NBWY9,Active,Branch,False,0.0,2022-09-15 15:50:18,2020-05-11 23:03:37
PRD-6DHVNAXN1LAX,CLI-A4SWQDV7XTYM,Cuenta Corriente,0468029042,ARS,583550.08,,,2019-03-06,,SUC-0MPZUQLJ,Closed,Branch,True,,,2019-03-17 17:12:13
PRD-6MXVORJTLXV6,CLI-TJIM7P52K5F7,Inversión,INV-3501958,USD,14697.25,,6.49,2024-01-03,,SUC-I3D08YZO,Active,App,True,,2024-08-03 11:02:22,2024-11-17 04:04:01
PRD-6V0NRAE5BWYB,CLI-5L6EGAWYR2Q2,Cuenta Corriente,6191239968,ARS,2060945.05,,0.28,2019-09-18,,SUC-XHNP3DLP,Active,Branch,False,,,2020-04-27 19:22:40
PRD-72GSV5VILCOP,CLI-CGS8YGQUFDAN,Cuenta Ahorro,7843382189,COP,20350356.26,,2.03,2018-07-30,,SUC-OFZKCO6O,Active,Branch,True,,2020-05-04 02:38:56,2018-12-07 22:36:54
PRD-73R0SSM38Y1K,CLI-YC4WNTUC93XN,Tarjeta Crédito,0517247920080339,ARS,66718.98,15292115.56,23.42,2025-10-13,2030-10-12,SUC-NRVN9ND4,Active,Branch,False,0.0,2026-06-07 01:36:06,2025-10-25 16:15:16
PRD-74NPJF1GQBK6,CLI-5N42HUM8D4H6,Inversión,INV-0155461,ARS,5741666.6,,7.37,2020-02-14,,SUC-BMVBUHCL,Active,Branch,False,,2022-03-20 10:25:45,2020-08-30 21:20:24
PRD-7C8SEDMW6KSH,CLI-IZX582QFYSNH,Cuenta Ahorro,3791862410,ARS,1579535.6,,1.5,2026-02-22,,SUC-G7HRTTDE,Suspended,Branch,False,,,2026-07-31 23:03:27
PRD-7FPVYQQCC7E3,CLI-5L6EGAWYR2Q2,Tarjeta Crédito,8083215964987774,ARS,566420.6,11988108.07,36.61,2025-04-28,2030-04-27,SUC-8433QXQ4,Active,Branch,False,90.0,2026-06-16 03:31:44,2025-10-21 16:55:09
PRD-7N3R25GSYY9B,CLI-ODH9G3RG7J9J,Tarjeta Crédito,6843196569257223,COP,5018813.38,80154104.16,26.79,2024-04-20,2028-04-19,SUC-M96GKW7T,Active,Branch,False,0.0,2026-02-10 00:11:07,2024-10-14 23:06:59
PRD-7OJ4LO02QADD,CLI-AKACM6D5362F,Cuenta Ahorro,4698685293,USD,6890.94,,1.77,2019-10-28,,SUC-XAEWUJQS,Active,App,True,,2024-08-17 21:13:00,2020-10-01 16:43:04
PRD-7ZHNX7JUFB36,CLI-UWPSMKLGJ4HM,Préstamo Personal,LOAN-59969007,USD,7739.05,88783.22,16.27,2021-12-28,,SUC-F61XHTE2,Active,Branch,False,0.0,2023-12-21 03:47:52,2022-08-19 03:09:15
PRD-80A6GGEE741P,CLI-4QR1L5H7FKTD,Cuenta Ahorro,4586238165,USD,3898.39,,1.96,2018-06-29,,SUC-4OOB7ZFR,Active,Web,False,,2018-08-05 15:02:09,2019-04-17 17:38:34
PRD-83SYEXZILUH3,CLI-3XGV18QB96P9,Tarjeta Débito,6379728470643231,USD,414.04,,0.0,2018-07-17,2021-07-16,SUC-M3Y8BT51,Active,App,False,,2020-12-09 06:49:08,2019-03-31 06:09:11
PRD-8LVE07UBN6WW,CLI-AKACM6D5362F,Tarjeta Débito,4914424565626491,USD,608.59,,0.0,2025-04-15,2029-04-14,SUC-EN5GYCON,Active,Branch,True,,2025-04-24 16:52:39,2025-04-25 19:08:59
PRD-90JNLYT1FQAP,CLI-1AS0INHPK43M,Tarjeta Crédito,0462355298101122,USD,711.15,26282.92,39.37,2025-08-11,,SUC-FFI5DAEC,Active,App,True,0.0,2026-04-12 13:48:56,2026-06-19 17:00:18
PRD-93YLTHCU4JA6,CLI-5N42HUM8D4H6,Cuenta Corriente,5013351648,ARS,223290.49,,0.12,2026-01-25,,SUC-KHBP7W0V,Active,Web,False,,2026-05-01 00:24:21,2026-06-25 20:28:30
PRD-97R2S9KPRH58,CLI-JRCTRZ2GTFG8,Cuenta Corriente,6544369476,COP,11229817.29,,0.15,2020-09-03,,SUC-H2ROE7C8,Active,Branch,False,,2024-03-23 18:39:02,2021-06-23 01:57:00
PRD-996RCAETQQUG,CLI-FKPNY8NAT22F,Tarjeta Crédito,5574307966553391,USD,2137.32,23764.31,21.77,2025-03-13,2030-03-12,SUC-JDXIVV9S,Suspended,App,False,0.0,,2026-02-15 14:35:10
PRD-9COI86X98YC7,CLI-EJXBYCD0J96O,Tarjeta Débito,2945862669117363,USD,1650.49,,0.0,2021-03-02,2026-03-01,SUC-9DE11KDA,Active,App,False,,2025-08-25 04:06:56,2021-04-28 01:57:07
PRD-9FETOE2N31SC,CLI-U8JZASBAZZ8W,Cuenta Corriente,8254338088,USD,2957.87,,0.35,2019-06-22,,SUC-UB0LXRUU,Active,Branch,False,,2019-08-11 17:45:31,2019-12-19 05:08:14
PRD-9HIQLRR3F9Y1,CLI-CGS8YGQUFDAN,Cuenta Corriente,1915308563,COP,13940521.89,,0.46,2025-04-26,,SUC-P44GDIDS,Active,Branch,False,,2025-05-15 03:17:57,2025-10-02 23:36:59
PRD-9I54B0DPLJ3T,CLI-UWPSMKLGJ4HM,Préstamo Personal,LOAN-11657343,USD,11513.56,33724.71,18.26,2019-04-19,,SUC-C28AFJAZ,Active,Web,False,0.0,2025-10-18 17:57:10,2019-09-04 15:03:51
PRD-9NHF15DY0HLK,CLI-J9EWXIOYWJ7R,Tarjeta Crédito,8157148333139222,USD,1391.56,49163.64,39.21,2026-05-28,2030-05-27,SUC-JGB6PK8R,Active,Call Center,False,,,2027-04-14 19:07:33
PRD-9V9RN2VYGM2G,CLI-6VCS2LIRSE4Y,Cuenta Ahorro,1923153803,COP,15270425.63,,2.34,2026-06-01,,SUC-XZM2NPS4,Active,Web,False,,2026-06-01 23:50:32,2027-02-07 07:19:41
PRD-A4CEFW8538C1,CLI-AKACM6D5362F,Cuenta Corriente,2394072704,USD,3082.79,,0.5,2024-07-28,,SUC-4AVH1MSP,Active,Branch,True,,2025-02-14 06:23:35,2024-07-30 05:00:38
PRD-AD8YH7VFUD1J,CLI-7HIH47RP95JX,Cuenta Ahorro,1369243071,USD,2975.32,,1.45,2025-04-18,,SUC-ZVPEMWQP,Blocked,Call Center,True,,,2025-08-10 15:14:35
PRD-AKJWWN0VTXWC,CLI-EJXBYCD0J96O,Cuenta Corriente,4936780701,USD,684.85,,0.12,2021-05-28,,SUC-DN1V9J1Z,Closed,Branch,True,,,2022-03-27 08:38:29
PRD-AUH9G8MO202D,CLI-ZJCPKZZRXUR8,Cuenta Ahorro,7836945070,COP,22490742.01,,3.12,2021-05-17,,SUC-C93NERQQ,Active,Branch,True,,2023-03-27 17:07:48,2022-02-05 02:28:33
PRD-AVRKCC2QDBYN,CLI-3XGV18QB96P9,Cuenta Corriente,3182901924,USD,1135.42,,0.16,2021-11-03,,SUC-KI33JLSV,Active,Branch,True,,2023-01-01 03:57:42,2022-08-27 00:48:55
PRD-B6EAI00K50SA,CLI-NSTPTDK3BPGH,Tarjeta Crédito,8999467948967112,ARS,654376.51,11399985.32,38.06,2024-02-16,2028-02-15,SUC-JBECVTZ8,Blocked,Web,False,0.0,,2024-05-21 03:16:16
PRD-BGC7KENP311C,CLI-9MNRLM8SP9QI,Seguro,POL-2224097,USD,0.0,,0.0,2020-03-26,,SUC-Q9LRLZTA,Active,Web,True,,2023-04-21 03:31:18,2020-12-20 11:06:31
PRD-BRNTPHAHNIOT,CLI-6VCS2LIRSE4Y,Cuenta Ahorro,4898134821,COP,10838670.87,,2.22,2020-03-07,,SUC-WH83BE50,Active,Branch,False,,2021-07-22 23:20:22,2020-03-16 19:04:29
PRD-C5C8XA6Z0A3X,CLI-3XGV18QB96P9,Tarjeta Crédito,2186058684510000,USD,2528.25,41688.0,28.53,2023-03-27,2028-03-25,SUC-QTWR8S76,Active,App,True,30.0,2024-03-18 21:02:02,2023-12-15 18:42:05
PRD-C5JJU5E2LIF9,CLI-P2CRX7C6QTWG,Cuenta Corriente,8414901682,USD,2177.52,,0.23,2020-11-10,,SUC-FFI5DAEC,Active,Call Center,True,,2021-03-31 06:26:09,2021-05-25 13:58:35
PRD-C9SCYXRRUZO1,CLI-TJIM7P52K5F7,Tarjeta Crédito,4878130697823186,USD,479.07,35881.11,28.19,2020-09-07,2025-09-06,SUC-Q9LRLZTA,Active,Web,False,0.0,2021-03-08 16:04:09,2021-05-27 13:53:59
PRD-CUEBWSK3Y08V,CLI-VHBEU7EEMIV1,Cuenta Ahorro,0845399166,ARS,1276876.6,,1.06,2020-10-11,,SUC-5XWR79HW,Active,Call Center,False,,2025-09-16 08:43:26,2020-11-11 23:36:21
PRD-D7JD396B6UQP,CLI-END66G0XIF95,Cuenta Ahorro,7864809792,USD,2688.07,,,2025-09-22,,SUC-F61XHTE2,Active,App,False,,2026-02-06 12:07:37,2025-11-05 10:26:37
PRD-D8GGMVJTCKGQ,CLI-IMCRTKL094T5,Cuenta Corriente,8569143162,USD,3471.05,,0.3,2023-05-30,,SUC-E4V48SY3,Active,Branch,True,,2026-01-22 02:45:32,2023-08-26 11:57:32
PRD-D9Y29R9CRRY3,CLI-4QR1L5H7FKTD,Cuenta Ahorro,6979055270,COP,27797651.95,,,2025-03-01,,SUC-3FS5CHQJ,Active,Branch,False,,2026-01-08 01:13:35,2025-03-14 13:14:16
PRD-DCO6NUOXQ046,CLI-P22FY6SYK6NO,Tarjeta Débito,2495557048548855,ARS,111126.09,,0.0,2024-12-31,2029-12-30,SUC-7EJG5XUH,Active,Branch,False,,2025-06-13 21:09:33,2025-03-29 06:33:29
PRD-DD31UBZ7Z3KG,CLI-3LBRN1SGWSLJ,Tarjeta Débito,8232658091364080,USD,640.91,,0.0,2020-12-08,2023-12-08,SUC-Z7426PZT,Active,Web,True,,,2021-06-17 12:01:28
PRD-DIDXZB6DYPSB,CLI-CTY661KC9RAS,Cuenta Ahorro,8251446435,COP,34827720.59,,1.4,2023-03-12,,SUC-A4SSWF0H,Active,Web,False,,2024-08-21 02:39:49,2023-03-27 09:36:07
PRD-DLLCBU9CNNTF,CLI-OTYTZE2FLKFL,Préstamo Personal,LOAN-02923035,USD,6486.03,120316.77,25.56,2020-02-19,,SUC-349TR6OC,Active,Branch,True,0.0,2024-10-18 07:58:13,2020-10-26 08:33:10
PRD-DOKA3EN20VKO,CLI-IZX582QFYSNH,Cuenta Ahorro,4647062990,ARS,1922666.05,,2.96,2023-08-29,,SUC-JH2YV47F,Active,Branch,True,,2026-02-15 09:52:29,2023-11-21 12:47:32
PRD-DZJMG6ZCQELX,CLI-5N42HUM8D4H6,Tarjeta Crédito,7608077212125351,ARS,683962.33,8636582.41,43.93,2020-01-25,2024-01-24,SUC-YV8Q78LJ,Active,Branch,True,0.0,2020-08-23 10:27:53,2020-05-16 18:50:05
PRD-DZR2Z7SRHM27,CLI-6VCS2LIRSE4Y,Préstamo Personal,LOAN-51919262,COP,16916796.06,281242725.06,20.77,2023-08-15,,SUC-5NGX1P46,Closed,Branch,True,0.0,,2024-01-25 00:15:13
PRD-E2XX604EWRC9,CLI-7P0ZUEV7Y4EH,Préstamo Personal,LOAN-75601491,USD,7327.55,107053.71,26.22,2019-09-02,,SUC-I4AA1FSG,Active,Branch,False,0.0,2025-09-18 12:52:23,2020-04-06 00:19:57
PRD-EDWC4ZHWLINZ,CLI-YC4WNTUC93XN,Cuenta Ahorro,6664695779,ARS,653523.59,,1.53,2019-12-13,,SUC-7EJG5XUH,Active,Branch,True,,2023-08-12 20:54:38,2020-02-12 12:16:54
PRD-EG3OR9572TN1,CLI-898HYDPSE4K6,Tarjeta Débito,1034318092349447,USD,1177.54,,0.0,2021-09-02,2026-09-01,SUC-74OJEV5Z,Active,Branch,False,,2023-09-03 20:51:09,2021-10-22 12:01:21
PRD-EI4T0TUL807P,CLI-6VCS2LIRSE4Y,Cuenta Corriente,3926085915,COP,13065248.13,,0.2,2018-06-30,,SUC-7P0XNXTG,Active,Branch,False,,2025-10-23 09:47:24,2019-01-10 12:25:28
PRD-EKBD6XZY054O,CLI-W6CYG2XGJXVX,Cuenta Corriente,5400286668,USD,2350.46,,0.41,2023-10-04,,SUC-PUPXM7MA,Active,Branch,True,,2025-12-24 08:00:04,2024-09-05 17:17:39
PRD-EMVTLIJGPZLP,CLI-AMN80XXN1DT6,Préstamo Personal,LOAN-52460009,USD,11731.91,25674.59,14.73,2024-07-24,,SUC-W04NBWY9,Active,App,True,0.0,2025-08-29 05:37:29,2025-01-01 13:29:48
PRD-ENIMR71PNJWG,CLI-4QR1L5H7FKTD,Cuenta Ahorro,3281329445,COP,21546988.03,,2.67,2024-04-09,,SUC-HTV8A64G,Active,App,True,,2026-05-06 07:47:05,2024-06-05 12:40:55
PRD-EQ7NY6RD93QE,CLI-UHMB1J1GBKG4,Tarjeta Crédito,9462187588417178,COP,4014664.72,181496184.47,31.2,2020-05-22,2023-05-22,SUC-X7W6C3UX,Active,App,False,0.0,2020-08-30 06:50:05,2021-01-22 14:57:41
PRD-F1UQGVY8JP26,CLI-VU58CMFRCIP7,Tarjeta Crédito,6455508710090981,USD,1166.41,,35.5,2022-10-06,2025-10-05,SUC-JYU0POJ9,Suspended,Branch,True,0.0,,2022-10-18 18:49:14
PRD-F3H6KWUD9ZVA,CLI-2LQL5P2NJS9B,Cuenta Corriente,3247646124,USD,2194.22,,0.18,2024-10-02,,SUC-XV1N3YM9,Active,Web,True,,2025-01-31 09:01:27,2024-11-11 14:23:44
PRD-F79U22FT7RJU,CLI-1AS0INHPK43M,Cuenta Corriente,0425730214,USD,2239.02,,0.17,2020-01-01,,SUC-XSMNXFJN,Active,App,False,,2023-04-30 11:05:06,2020-11-01 03:55:38
PRD-FJ63L0Y4KOBB,CLI-H6OV6I0CT5IX,Cuenta Ahorro,1838197142,USD,0.0,,2.53,2022-04-29,,SUC-JRR5Z8WK,Active,Web,True,,,2023-02-06 22:28:57
PRD-FJB80FBRBO6Y,CLI-QZGUG3KBZ2ZG,Tarjeta Crédito,4872785977761458,USD,1110.92,38186.32,24.21,2020-10-22,2024-10-21,SUC-CJYLJUTF,Active,App,False,0.0,2023-01-16 21:54:20,2021-01-23 06:16:57
PRD-FQ1L1Y6064V2,CLI-C0RXL4J0SXGR,Cuenta Corriente,9328272022,USD,1893.64,,,2020-01-21,,SUC-XSMNXFJN,Active,Call Center,False,,2020-05-27 23:55:35,2020-07-03 09:45:02
PRD-FQW23YXXO9I2,CLI-R53C8RPXD32P,Cuenta Ahorro,1764973915,COP,35657615.31,,3.22,2018-09-26,,SUC-4IFX1CUR,Active,Branch,True,,,2018-11-02 18:00:39
PRD-FU9DT1YQGFNS,CLI-1AS0INHPK43M,Tarjeta Débito,6154039384453167,USD,444.23,,0.0,2023-08-31,2027-08-30,SUC-UBOAYTJG,Active,Branch,False,,2025-11-02 09:40:40,2023-11-05 23:50:55
PRD-FXHZQUXYRDHZ,CLI-P2CRX7C6QTWG,Inversión,INV-9109962,USD,15348.95,,,2018-07-26,,SUC-4AVH1MSP,Active,App,True,,2026-05-05 00:20:10,2019-03-24 14:55:26
PRD-FZL0CHC2XU4Z,CLI-SZ2W0R1BX8S0,Cuenta Ahorro,4309398874,COP,16471556.24,,2.28,2020-12-20,,SUC-FF1CG8O5,Active,Branch,False,,2022-07-23 09:32:14,2021-11-26 02:02:24
PRD-G9M92E91BNTH,CLI-9MNRLM8SP9QI,Cuenta Corriente,5470896756,USD,3378.36,,0.2,2022-04-21,,SUC-ECJP9AEQ,Active,Web,True,,,2022-08-29 23:30:34
PRD-GAXFHHF40562,CLI-7HIH47RP95JX,Préstamo Hipotecario,LOAN-78561725,ARS,41040108.08,11398602.35,10.04,2023-12-20,,SUC-D4W8JR4A,Active,Branch,True,15.0,2025-05-08 03:25:58,2024-08-21 20:34:47
PRD-GFAT7F4QBKJS,CLI-KDRMF6UI68X1,Cuenta Ahorro,2405350197,USD,5835.64,,,2020-11-23,,SUC-RDJC9IH3,Active,Branch,True,,2022-07-31 00:41:21,2021-04-25 17:45:05
PRD-GLV8HAQ8I62O,CLI-S21M6QBBQ32X,Inversión,INV-5983544,ARS,9763849.18,,3.64,2023-10-07,,SUC-HBYNA6O6,Active,Web,True,,2024-09-10 04:54:25,2024-05-12 04:02:44
PRD-GWK096DWRZ3O,CLI-8QOOAQN2VSCE,Tarjeta Débito,5505174718344702,USD,958.63,,0.0,2019-03-25,2022-03-24,SUC-E1VTXGEU,Active,Web,True,,2024-03-18 07:38:34,2020-02-12 22:13:33
PRD-H1DSUO9VXK9H,CLI-S21M6QBBQ32X,Cuenta Ahorro,2949869045,ARS,3648033.48,,1.4,2021-10-07,,SUC-MAWPQ7HZ,Active,Web,False,,,2022-03-06 03:40:31
PRD-H4DCLYJJ62SW,CLI-5L6EGAWYR2Q2,Tarjeta Débito,8398370620838320,ARS,445452.02,,0.0,2022-02-09,2027-02-08,SUC-3JIR51SL,Active,Branch,True,,,2022-08-13 13:39:16
PRD-H6F1F3YENJIR,CLI-Y15WQL0D9JH4,Cuenta Ahorro,0108613975,ARS,2423365.11,,1.26,2024-05-21,,SUC-ZVFW3M23,Active,Branch,False,,2024-10-25 02:08:30,2025-01-10 09:07:29
PRD-HAHTT9A8MX96,CLI-S21M6QBBQ32X,Cuenta Corriente,4978285372,ARS,463976.8,,0.38,2020-03-24,,SUC-RAI81ICG,Active,Web,False,,2022-10-24 17:31:48,2020-08-17 01:59:40
PRD-HJ6YW9W9KFHD,CLI-KDRMF6UI68X1,Cuenta Corriente,5193485900,USD,4684.41,,0.35,2020-08-28,,SUC-CGL8D37U,Active,Branch,True,,2021-02-17 12:10:38,2020-09-22 14:47:25
PRD-HLYKD4IMAN2I,CLI-KKSHE4CEJ1IT,Tarjeta Débito,0360658762937904,COP,688276.95,,0.0,2019-12-23,2024-12-21,SUC-TQX7379E,Active,Branch,True,,2025-11-17 22:20:23,2020-09-03 03:36:07
PRD-HPBG1LZ6SHYR,CLI-AMN80XXN1DT6,Cuenta Corriente,5126316245,USD,1759.32,,0.45,2021-04-25,,SUC-WSSLNOPN,Active,Branch,True,,2023-02-14 03:25:01,2021-10-04 10:45:48
PRD-HRVKK5EBRHP1,CLI-UWPSMKLGJ4HM,Cuenta Ahorro,0634987272,USD,8257.1,,3.1,2024-10-25,,SUC-033KHYS2,Active,Branch,False,,2025-07-15 11:27:06,2025-01-03 01:44:36
PRD-HVNGK4YXZUS5,CLI-7P0ZUEV7Y4EH,Cuenta Ahorro,6542109335,USD,3533.85,,3.07,2021-02-06,,SUC-HFPBAT4U,Active,App,False,,2025-12-10 19:41:39,2021-04-30 17:15:33
PRD-I0RKLACMCQSD,CLI-KDRMF6UI68X1,Tarjeta Crédito,4549489689412602,USD,2327.75,21378.55,34.84,2021-05-21,2025-05-20,SUC-4HF4J8KO,Active,Branch,True,0.0,2024-02-18 07:40:26,2021-09-20 13:08:52
PRD-IDIYZAV6WE4M,CLI-S21M6QBBQ32X,Cuenta Corriente,8207987405,ARS,906071.11,,0.19,2018-09-30,,SUC-5XWR79HW,Blocked,Web,True,,,2019-02-11 12:50:33
PRD-IDU5Q8YZ1O6T,CLI-AKACM6D5362F,Cuenta Ahorro,7584340428,USD,9787.02,,2.46,2021-10-16,,SUC-NOBD5N9U,Active,Branch,False,,2023-03-14 11:11:41,2022-03-01 06:04:59
PRD-ILT9MDP7D7IA,CLI-RKIFX1G2SP3M,Cuenta Corriente,6727528935,USD,4059.48,,0.5,2024-04-21,,SUC-P65ZGVH3,Active,Branch,True,,2025-02-15 18:18:00,2025-01-16 03:29:25
PRD-IRPW2E27DXWK,CLI-NOC612SZ8VKJ,Tarjeta Crédito,8034005038555679,COP,3044557.83,153724042.71,33.21,2019-02-24,2023-02-23,SUC-DG6C9C1K,Active,Call Center,True,0.0,2025-05-24 23:14:08,2019-12-01 14:20:28
PRD-J5YQWDINGEK5,CLI-BH1ZBAHAHTEN,Tarjeta Débito,3864111177298114,USD,1121.58,,0.0,2025-11-22,2028-11-21,SUC-P65ZGVH3,Active,App,False,,2026-04-13 00:51:09,2026-06-11 08:01:19
PRD-J6A0T7IU5FFE,CLI-TJIM7P52K5F7,Cuenta Ahorro,1836762759,USD,6497.02,,2.29,2020-05-01,,SUC-RDJC9IH3,Active,Branch,True,,2023-05-14 17:58:45,2020-07-25 09:34:54
PRD-JKU36Q869A8S,CLI-TP8JBA2IK7EJ,Tarjeta Crédito,0260053098550212,USD,2008.89,36885.85,39.24,2022-09-24,,SUC-1G7XCTV8,Blocked,Branch,True,0.0,,2023-07-13 08:33:13
PRD-JS286WK7GODM,CLI-TP8JBA2IK7EJ,Cuenta Ahorro,3365860429,USD,3338.55,,1.8,2022-02-08,,SUC-NZJH5BG1,Active,App,True,,2022-07-07 14:10:20,2023-01-07 17:05:01
PRD-K1C4P980WMUK,CLI-H6OV6I0CT5IX,Cuenta Ahorro,1109386225,USD,5647.0,,1.09,2026-02-13,,SUC-4CNRVPYL,Active,Branch,False,,2026-06-16 19:15:55,2026-11-27 20:45:53
PRD-K3DB9XORNLET,CLI-7P0ZUEV7Y4EH,Cuenta Ahorro,2664486106,USD,3575.27,,2.79,2020-05-05,,SUC-JRR5Z8WK,Active,Branch,True,,2021-06-15 17:29:47,2020-10-08 22:38:32
PRD-K8H3IGZDDBD5,CLI-IZX582QFYSNH,Cuenta Ahorro,7239562198,ARS,2651353.54,,2.02,2019-05-24,,SUC-OJAQW0AJ,Active,Web,True,,2022-08-14 00:40:21,2019-10-08 18:42:53
PRD-KA2VRTUQG3JR,CLI-K0GJBJFDKIBO,Cuenta Ahorro,3878723552,COP,29548251.17,,1.48,2020-09-17,,SUC-IKK3G59W,Active,Web,True,,2025-08-27 20:19:08,2021-04-20 17:38:32
PRD-KABMG8XKP7HG,CLI-3XGV18QB96P9,Cuenta Corriente,5037348805,USD,2001.67,,0.2,2022-11-16,,SUC-Z39EOE70,Active,Branch,False,,2025-03-20 04:09:55,2023-08-04 10:59:22
PRD-KAS76D9EAK3G,CLI-7P0ZUEV7Y4EH,Tarjeta Crédito,2439174438142143,USD,1392.86,39704.63,24.02,2025-05-12,2029-05-11,SUC-HWG24EKK,Active,Web,False,0.0,2025-11-28 17:26:40,2025-08-29 01:48:15
PRD-KEQ6Z5NBVLLH,CLI-OTYTZE2FLKFL,Préstamo Personal,LOAN-65104826,USD,4834.65,73983.17,21.15,2020-08-21,,SUC-8RYAQ0NO,Active,Web,False,120.0,2022-02-23 21:50:40,2021-01-05 05:33:57
PRD-KHOX2UG0S8DT,CLI-M78UJJ6XFNOT,Cuenta Corriente,8380335401,ARS,610596.44,,0.16,2022-02-19,,SUC-06H3RFFA,Active,Web,False,,2025-03-16 17:32:05,2022-12-19 16:03:58
PRD-KOP86ODYWL99,CLI-VHBEU7EEMIV1,Tarjeta Crédito,4194518712303955,ARS,481062.57,3005531.09,,2022-02-12,2027-02-11,SUC-7TH4CVFK,Active,Web,True,0.0,2023-08-25 19:43:28,2023-01-02 11:50:28
PRD-KP7HKFLTK3U5,CLI-1DC1593XLI10,Cuenta Corriente,4899008638,USD,4568.55,,0.45,2020-09-06,,SUC-7T5LBQT3,Active,App,True,,2025-08-02 04:11:02,2021-07-19 16:48:14
PRD-KRZVMYL7PDFC,CLI-FY5RJI3Q5D6U,Cuenta Ahorro,6119607762,USD,5480.82,,1.7,2026-05-20,,SUC-74OJEV5Z,Active,Branch,False,,2026-06-12 07:44:06,2027-01-14 17:56:11
PRD-KSTY237L1T0W,CLI-VZJTC6LU907T,Tarjeta Crédito,7818612148321688,USD,998.98,4715.22,28.79,2022-08-10,2027-08-09,SUC-QZU3WHKF,Active,App,True,0.0,2026-03-22 21:08:12,2023-02-06 15:15:55
PRD-KTS7M76I4ESO,CLI-Q6CL8Y1VMVSB,Cuenta Ahorro,3033199641,COP,8679870.76,,3.28,2023-04-14,,SUC-EMGR60PV,Active,Web,False,,2024-09-12 09:55:09,2024-03-24 09:18:17
PRD-KW6U7QA6AVNU,CLI-VHBEU7EEMIV1,Tarjeta Crédito,0140653642002255,ARS,584673.05,2263639.2,,2022-05-30,2026-05-29,SUC-JBECVTZ8,Active,Branch,True,0.0,2023-09-30 17:22:32,2022-12-20 15:48:04
PRD-LCYDS0GGEJY1,CLI-3XGV18QB96P9,Cuenta Ahorro,9429400702,USD,7217.84,,,2021-12-02,,SUC-3DCC91G4,Active,Branch,True,,2026-03-10 03:20:10,2022-02-08 01:14:42
PRD-LRKH4MK5OK2V,CLI-N9ZXVIIXZ6JN,Tarjeta Débito,0351954349976644,ARS,349303.38,,0.0,2019-02-11,2024-02-10,SUC-PJ3BSV1X,Active,Web,False,,2021-08-20 22:35:47,2019-10-10 09:06:59
PRD-LXTGL6WOIY5S,CLI-IA17OMLTE32I,Cuenta Corriente,8676991294,COP,9214137.55,,0.44,2024-06-23,,SUC-DLYE60QN,Active,Branch,True,,2024-12-04 13:19:46,2025-05-10 14:24:01
PRD-MEKDSNHCH6H5,CLI-TJIM7P52K5F7,Cuenta Ahorro,8952704452,USD,2828.56,,1.67,2018-07-14,,SUC-AXDYB0RQ,Active,Branch,False,,2025-03-26 19:24:45,2018-08-09 18:27:34
PRD-MTQSJIKIC9MK,CLI-TRFWX6YMZG7G,Cuenta Corriente,6060147002,COP,14841299.37,,,2020-06-27,,SUC-KY2QIURA,Active,App,False,,2022-12-05 19:44:29,2020-07-21 18:09:46
PRD-MVDXKLB9BFHS,CLI-5N42HUM8D4H6,Cuenta Corriente,1011704943,ARS,1040039.89,,0.2,2020-02-06,,SUC-YO2Y6PA3,Active,Branch,False,,2025-07-18 15:33:59,2020-07-29 11:35:26
PRD-N1Q1RRJHBA9H,CLI-VU58CMFRCIP7,Cuenta Corriente,2417381578,USD,2633.62,,0.29,2018-07-07,,SUC-MGUQPIKZ,Active,Branch,True,,2022-09-12 14:15:22,2019-03-19 21:30:27
PRD-N89MW5WVY6YZ,CLI-IMCRTKL094T5,Cuenta Corriente,3338843238,USD,5728.83,,0.32,2020-06-02,,SUC-FFI5DAEC,Closed,Call Center,True,,,2021-03-20 23:03:13
PRD-NAF6PZUWDDKG,CLI-VU58CMFRCIP7,Tarjeta Crédito,1874550491141043,USD,439.88,43758.69,20.37,2022-07-13,2025-07-12,SUC-PFXHRCSW,Closed,App,True,0.0,,2023-01-29 00:55:42
PRD-NBOT8JS74D2I,CLI-CTY661KC9RAS,Tarjeta Crédito,2338356134292799,COP,1069537.85,147424047.59,31.9,2022-04-06,,SUC-X3OFCBL0,Closed,Branch,True,60.0,,2023-03-07 06:21:56
PRD-NLZ79H62LNBZ,CLI-FY5RJI3Q5D6U,Cuenta Corriente,0352389803,USD,3538.83,,0.12,2021-05-27,,SUC-74OJEV5Z,Active,App,False,,2021-12-26 19:07:52,2022-03-18 08:38:31
PRD-OB1ZSVSO4LSD,CLI-RKIFX1G2SP3M,Tarjeta Crédito,1424480442687067,USD,1765.12,17741.22,41.1,2023-11-22,2028-11-20,SUC-Y18NE8GS,Active,App,True,0.0,2025-05-18 20:37:24,2024-10-15 20:02:53
PRD-ODJLM09U1GII,CLI-IMCRTKL094T5,Tarjeta Débito,1530931104452462,USD,624.53,,0.0,2020-04-09,2024-04-08,SUC-1AT6YUKJ,Active,App,False,,2024-09-20 06:16:18,2020-07-28 13:33:19
PRD-OFTSOVSTRW2D,CLI-A4SWQDV7XTYM,Cuenta Ahorro,1399732805,ARS,1630377.92,,2.3,2024-04-08,,SUC-0MPZUQLJ,Active,Branch,False,,2024-05-31 22:01:06,2024-05-03 17:55:44
PRD-OR19RBAPOKCM,CLI-2LQL5P2NJS9B,Tarjeta Crédito,2012595004754005,USD,840.95,3580.17,,2024-10-14,2028-10-13,SUC-NOBD5N9U,Active,Web,False,0.0,,2025-02-28 14:59:08
PRD-OSDOMQC8A1GW,CLI-EJXBYCD0J96O,Préstamo Personal,LOAN-52625330,USD,9060.31,82652.62,17.46,2023-07-15,,SUC-MGUQPIKZ,Active,Branch,True,30.0,2025-07-31 07:20:03,2023-09-10 02:16:52
PRD-OSL49HPKW0E1,CLI-7HIH47RP95JX,Tarjeta Crédito,1568804409377133,ARS,930429.23,16557326.62,23.3,2023-10-26,2028-10-24,SUC-2T5PUX8Q,Active,Web,False,0.0,2024-05-15 17:43:43,2023-11-01 08:55:15
PRD-OSQT4EJGX3F3,CLI-3XGV18QB96P9,Cuenta Corriente,9858582964,USD,4191.76,,0.37,2021-01-14,,SUC-0OJNMRLP,Active,App,False,,2021-09-10 02:49:58,2021-12-17 04:57:58
PRD-OZCY5UHL8TPQ,CLI-BH1ZBAHAHTEN,Cuenta Corriente,1087361439,USD,2097.9,,0.18,2020-03-18,,SUC-EN5GYCON,Suspended,Web,False,,,2021-02-15 01:13:09
PRD-P1QA1JICBGAH,CLI-WKR4P95O4ZKE,Cuenta Ahorro,3923297293,USD,4869.84,,3.06,2026-01-11,,SUC-V3V4T7QO,Active,App,True,,,2026-06-08 17:50:59
PRD-P6L336LQ1NDM,CLI-ZJCPKZZRXUR8,Tarjeta Crédito,0179257759879203,COP,4962946.4,55035636.93,29.21,2020-03-01,2023-03-01,SUC-OGCB7RT2,Active,Branch,True,0.0,2024-10-01 05:19:41,2020-05-02 18:50:19
PRD-PNC66PY0CYPP,CLI-CTY661KC9RAS,Cuenta Corriente,5116310015,COP,16782402.77,,0.31,2019-06-06,,SUC-QTKN7Z0R,Active,Branch,True,,2024-10-24 15:33:56,2020-03-04 12:18:34
PRD-Q1B5PTKI44TG,CLI-UHMB1J1GBKG4,Tarjeta Crédito,1479324094073858,COP,4324270.38,74704983.04,18.66,2022-10-24,2026-10-23,SUC-WH83BE50,Blocked,Web,False,0.0,,2023-04-08 17:45:03
PRD-Q33HTSW9L1AE,CLI-END66G0XIF95,Cuenta Corriente,2270790458,USD,1700.36,,0.16,2023-12-15,,SUC-V3V4T7QO,Active,Branch,True,,2024-10-04 06:54:14,2024-05-28 22:08:11
PRD-Q41A2R6ZK5DG,CLI-QZGUG3KBZ2ZG,Cuenta Ahorro,6858535375,USD,6984.07,,,2019-06-14,,SUC-C28AFJAZ,Closed,Branch,False,,,2019-10-10 03:37:09
PRD-R0IP9I97ABLL,CLI-NOC612SZ8VKJ,Cuenta Ahorro,8277985262,COP,27283867.53,,1.52,2018-08-11,,SUC-84HXKY7Q,Active,Call Center,True,,,2019-07-26 02:36:23
PRD-REOLVWO77SRZ,CLI-OTYTZE2FLKFL,Cuenta Ahorro,3376478700,USD,5290.22,,1.67,2018-07-15,,SUC-ECJP9AEQ,Active,Web,False,,2025-08-23 21:59:22,2018-07-19 14:56:39
PRD-RVCJMMI3EZIU,CLI-TRSQ3XMFRJAC,Tarjeta Crédito,5440115778678422,USD,1060.72,32340.03,43.61,2022-10-05,2025-10-04,SUC-QE974U7T,Active,Call Center,False,0.0,2025-01-07 09:32:22,2022-11-18 19:39:41
PRD-RYP56C9I3NDP,CLI-VU58CMFRCIP7,Cuenta Corriente,4941817819,USD,3435.24,,0.5,2021-12-15,,SUC-HWG24EKK,Active,Branch,True,,2022-10-23 17:10:12,2022-02-04 22:53:22
PRD-SC8CNIZ2051Z,CLI-EJXBYCD0J96O,Cuenta Ahorro,5438546286,USD,7606.81,,2.67,2018-08-30,,SUC-KKZOCIP3,Active,App,False,,2019-02-13 22:23:33,2018-08-30 03:11:45
PRD-SF9H3ORL0QFL,CLI-AKACM6D5362F,Cuenta Corriente,7753491317,USD,4168.29,,0.23,2019-08-24,,SUC-PFXHRCSW,Active,Call Center,False,,2023-05-14 11:49:44,2020-02-14 00:45:31
PRD-SJZANIHFDNPM,CLI-9MNRLM8SP9QI,Cuenta Ahorro,8426191807,USD,4472.43,,2.53,2022-01-02,,SUC-2Z7NT3UT,Active,Branch,False,,2024-03-08 19:23:28,2022-04-30 08:57:43
PRD-SK1859FOAK06,CLI-7P0ZUEV7Y4EH,Tarjeta Crédito,8887234862329492,USD,1599.42,35113.58,39.3,2023-10-22,2026-10-21,SUC-JJT8C9XQ,Closed,Branch,False,0.0,,2024-05-24 03:19:39
PRD-SQ6SP8PDHFUQ,CLI-SZHLZ1F4MOTC,Tarjeta Crédito,8800813677177465,USD,1377.96,26693.1,22.37,2019-03-21,,SUC-W04NBWY9,Active,Web,False,0.0,2020-06-05 18:43:17,2020-01-27 03:29:31
PRD-T2CTBNBB59T1,CLI-M78UJJ6XFNOT,Inversión,INV-7180709,ARS,2670717.8,,5.34,2025-05-07,,SUC-RNIHGBDP,Closed,Branch,False,,,2026-03-18 01:36:29
PRD-T65J6M8T8FD6,CLI-IMCRTKL094T5,Cuenta Ahorro,3954509847,USD,3042.29,,1.01,2021-05-11,,SUC-XEEDD28B,Active,Call Center,False,,,2021-07-28 05:08:58
PRD-T707D6FR4C0U,CLI-4QR1L5H7FKTD,Tarjeta Crédito,3185803179450684,COP,5541412.33,118236670.52,35.61,2023-08-16,2027-08-15,SUC-UJA1ZE8Q,Active,Web,True,0.0,2025-12-10 03:59:28,2024-08-13 13:22:48
PRD-TB7LHRJWMJTL,CLI-6VCS2LIRSE4Y,Tarjeta Crédito,8162356920229073,COP,903546.14,100407768.43,19.94,2023-08-11,,SUC-2QR0HN01,Active,Branch,True,15.0,2025-09-23 13:03:47,2023-09-14 19:37:55
PRD-TLB7MRH0UTB4,CLI-UWPSMKLGJ4HM,Tarjeta Crédito,8188117739315868,USD,2600.84,9081.99,33.09,2025-07-02,2030-07-01,SUC-GOTE3INU,Active,App,False,0.0,,2026-01-21 10:16:45
PRD-TPG6BN15KHOK,CLI-7A9F4VIGPO6R,Cuenta Ahorro,3787449310,COP,13822499.8,,1.54,2022-01-19,,SUC-OGCB7RT2,Active,Branch,False,,2026-05-26 07:23:34,2022-05-30 15:56:10
PRD-TX0R0F8IPBEI,CLI-EJXBYCD0J96O,Préstamo Personal,LOAN-53515930,USD,1866.16,147157.12,,2020-08-29,,SUC-98QOW3F1,Active,Branch,True,0.0,2022-11-20 20:16:02,2021-07-01 20:33:08
PRD-U0YYWRU0JEEI,CLI-9MNRLM8SP9QI,Cuenta Ahorro,5240832025,USD,4388.2,,,2020-09-12,,SUC-1TATGCL8,Active,Branch,True,,2024-07-14 16:22:01,2021-07-10 14:02:20
PRD-U339B1ZJK4LR,CLI-IX877AHQ2942,Cuenta Corriente,4236016906,USD,918.46,,0.39,2023-12-10,,SUC-OLTX380V,Active,App,False,,2025-08-18 13:24:08,2023-12-30 05:38:59
PRD-U5ZC0AK98YQA,CLI-FKPNY8NAT22F,Tarjeta Crédito,3532717957406298,USD,1379.41,35525.38,,2025-07-19,2029-07-18,SUC-CGL8D37U,Closed,Branch,False,0.0,,2025-12-06 00:55:36
PRD-U9SPV3HRCHVD,CLI-3XGV18QB96P9,Cuenta Corriente,9110011071,USD,4423.26,,0.44,2018-06-22,,SUC-BGMBLKDB,Active,Call Center,False,,2023-07-17 23:43:46,2019-03-19 08:21:13
PRD-UE1FN7KCWVYP,CLI-W6CYG2XGJXVX,Tarjeta Crédito,4154205804984854,USD,1142.36,6595.38,33.44,2022-10-01,2027-09-30,SUC-1DANZ3LD,Active,Web,False,0.0,2023-05-02 21:09:55,2023-05-25 04:23:08
PRD-UQW1R8JQZQ1V,CLI-TP8JBA2IK7EJ,Cuenta Ahorro,9873343963,USD,3740.36,,2.31,2022-04-13,,SUC-3DCC91G4,Active,Web,False,,2023-12-16 16:19:30,2022-08-20 15:17:38
PRD-USBCAP4K97FR,CLI-VHBEU7EEMIV1,Tarjeta Crédito,5719709649386695,ARS,639163.83,6677040.3,33.43,2021-04-21,2025-04-20,SUC-C1OF9350,Active,Web,False,0.0,2023-02-15 16:08:25,2021-10-14 01:20:59
PRD-UT1ZRNBI00C5,CLI-KKSHE4CEJ1IT,Cuenta Ahorro,8954669743,COP,20249777.33,,3.03,2025-08-12,,SUC-VZIGM714,Active,Web,True,,2026-05-07 10:52:43,2025-12-08 06:36:35
PRD-UYH4RRQWIKYC,CLI-W6CYG2XGJXVX,Cuenta Corriente,6166203152,USD,1825.59,,0.37,2025-06-03,,SUC-1PSI5W5X,Active,Web,False,,,2025-07-10 13:22:42
PRD-VALZAIJ5MPUN,CLI-CTY661KC9RAS,Cuenta Corriente,0070286186,COP,8523119.71,,0.21,2025-07-05,,SUC-DH7PDUA6,Active,Branch,False,,2025-07-24 22:42:13,2025-11-25 10:29:29
PRD-VGQSGACCL7UK,CLI-IMCRTKL094T5,Cuenta Corriente,0884420148,USD,2915.37,,,2024-12-31,,SUC-9DE11KDA,Active,App,True,,2025-03-20 23:10:45,2025-06-02 05:06:10
PRD-VPPH40PYS9G2,CLI-YC4WNTUC93XN,Cuenta Corriente,7019175077,ARS,574105.48,,0.42,2020-02-13,,SUC-7TH4CVFK,Active,Branch,False,,2024-10-02 09:30:59,2020-10-10 17:45:26
PRD-VX09B0EAAI90,CLI-IMCRTKL094T5,Cuenta Ahorro,9208724329,USD,9323.06,,2.49,2023-03-12,,SUC-JDXIVV9S,Active,Branch,True,,2024-11-25 10:23:09,2023-06-18 12:24:52
PRD-W0SEEA2Y41Q1,CLI-AKACM6D5362F,Cuenta Ahorro,9952914050,USD,1223.06,,3.4,2022-01-21,,SUC-9J6GQRJ4,Active,Web,False,,2025-10-11 07:30:33,2022-07-03 01:10:27
PRD-W23AA9WQQYUM,CLI-1PQOJNHN9ASF,Cuenta Ahorro,6585792099,USD,6042.25,,1.53,2025-08-11,,SUC-JDXIVV9S,Active,Call Center,False,,2025-10-05 03:26:35,2026-04-25 09:36:32
PRD-WAMDFJPLRRJX,CLI-EJXBYCD0J96O,Tarjeta Crédito,9550559995721316,USD,1568.11,40467.05,33.63,2025-04-18,2028-04-17,SUC-EN5GYCON,Active,Branch,True,0.0,2025-06-12 10:30:39,2025-11-09 06:09:49
PRD-WC92L94JI6U3,CLI-IX877AHQ2942,Cuenta Ahorro,2566096596,USD,907.21,,1.31,2023-11-13,,SUC-W04NBWY9,Active,Call Center,False,,2025-03-18 06:18:28,2024-07-18 23:01:05
PRD-X5FSZQXZPPAJ,CLI-EJXBYCD0J96O,Tarjeta Crédito,9792908868401892,USD,2801.18,12643.71,26.31,2023-03-20,2028-03-18,SUC-V3V4T7QO,Active,Web,True,60.0,2026-05-27 16:50:30,2023-05-01 05:16:10
PRD-XB5OTWQQ6V1D,CLI-H6OV6I0CT5IX,Cuenta Corriente,6991219348,USD,909.27,,0.44,2019-08-05,,SUC-QO0HYSRK,Active,Web,True,,2020-03-26 18:13:40,2020-02-22 11:46:58
PRD-XBKCHOHY8ACB,CLI-FKPNY8NAT22F,Tarjeta Crédito,3661519922020857,USD,2064.49,10359.79,,2025-09-13,2030-09-12,SUC-AXDYB0RQ,Active,Branch,False,0.0,2025-10-15 17:03:43,2025-09-28 00:59:06
PRD-XIKPAKIVSRTP,CLI-AKACM6D5362F,Cuenta Ahorro,4848123233,USD,528.76,,1.43,2020-07-30,,SUC-KI33JLSV,Closed,Web,False,,,2020-08-11 17:58:07
PRD-XUOYZJGA5SS1,CLI-AKACM6D5362F,Préstamo Hipotecario,LOAN-89551935,USD,68927.5,68410.11,11.62,2023-11-16,,SUC-1DANZ3LD,Blocked,Branch,False,0.0,,2024-02-24 07:20:03
PRD-Y20OAK5VTXKM,CLI-DMSDCHOBUHLX,Cuenta Ahorro,8268654165,USD,8754.61,,2.49,2019-05-25,,SUC-F61XHTE2,Active,Branch,False,,2022-11-03 09:44:21,2020-01-06 13:12:33
PRD-Y9NH496IDU4N,CLI-VZJTC6LU907T,Cuenta Corriente,4669319658,USD,2376.46,,0.45,2021-10-30,,SUC-CGL8D37U,Active,Branch,True,,2023-08-02 04:55:24,2021-11-17 01:24:01
PRD-YHFXDS3BPTK6,CLI-6VCS2LIRSE4Y,Préstamo Personal,LOAN-53398278,COP,22735217.16,156376944.26,,2023-12-08,,SUC-1C51KLB3,Active,Branch,False,0.0,2024-08-13 23:37:02,2024-04-24 17:10:55
PRD-YKE9XTBUECW9,CLI-ZJCPKZZRXUR8,Tarjeta Débito,0631219316266582,COP,3584526.97,,,2024-05-03,2029-05-02,SUC-2QR0HN01,Active,Web,True,,2026-06-06 05:14:24,2024-12-22 00:52:09
PRD-YLTDK76CQS1N,CLI-UHMB1J1GBKG4,Cuenta Corriente,9211339393,COP,18749297.02,,0.39,2020-10-19,,SUC-CBGK7VQE,Active,Branch,False,,2021-04-12 11:20:49,2021-05-09 06:08:21
PRD-YLXNXD6H5Y0G,CLI-NOC612SZ8VKJ,Tarjeta Crédito,1956527588496983,USD,924.5,8845.44,24.36,2022-09-16,2025-09-15,SUC-UH461R09,Active,Web,False,0.0,2024-12-18 13:53:29,2022-12-13 07:21:24
PRD-YQQ674NN35JQ,CLI-ZJCPKZZRXUR8,Tarjeta Crédito,8202799943923954,COP,5510313.54,181101475.79,39.91,2019-04-22,2023-04-21,SUC-X57ITSKO,Active,Web,False,0.0,2026-02-14 14:11:09,2020-03-10 04:16:15
PRD-YV6DRK9ZV9EX,CLI-6VCS2LIRSE4Y,Cuenta Ahorro,6527168941,USD,2354.81,,,2022-02-21,,SUC-06LBAMRN,Blocked,Web,True,,,2022-05-19 14:20:02
PRD-YVAB5VNBUHUM,CLI-IA17OMLTE32I,Tarjeta Crédito,2438582716689498,COP,5009419.25,140049959.35,34.22,2019-09-12,2022-09-11,SUC-GHHYX8OE,Suspended,Branch,True,0.0,,2020-02-18 14:49:35
PRD-YWV4A7OL3R5I,CLI-AKACM6D5362F,Cuenta Ahorro,3044696404,USD,5647.29,,,2022-10-24,,SUC-QVGF07AP,Active,Branch,True,,2024-06-23 13:04:44,2022-12-25 09:05:14
PRD-Z098FMDQQBRD,CLI-YC4WNTUC93XN,Préstamo Hipotecario,LOAN-17634183,ARS,31687643.34,4506894.02,6.85,2021-07-06,,SUC-XHNP3DLP,Active,Call Center,True,0.0,2026-01-16 09:29:41,2022-03-17 21:40:46
PRD-Z0IFEVYNNN8T,CLI-7P0ZUEV7Y4EH,Cuenta Ahorro,2002504923,USD,758.92,,1.26,2025-04-21,,SUC-KUOJDQSO,Active,Web,False,,2025-12-02 00:30:12,2026-03-02 19:35:15
PRD-ZJ8A3HSVGI4N,CLI-H6OV6I0CT5IX,Cuenta Corriente,7361082049,USD,117.47,,,2026-06-12,,SUC-HWG24EKK,Closed,Branch,False,,,2027-02-14 22:37:07
PRD-ZSI20YNRH5UA,CLI-WKR4P95O4ZKE,Cuenta Ahorro,9667164164,USD,4862.13,,1.32,2021-02-19,,SUC-JYJWT9TH,Active,App,True,,,2022-01-03 14:47:36
