source,value,subcategory,workflow_id,sub_intent,strict_workflow_id,alternative_workflow_id,rationale
contact_reason,Transaccional,,account_inquiry,,account_inquiry,account_inquiry,"Transactional contacts ask about balances, payments, transfers, and movements: the account and payment inquiry workflow. Coarse: covers balance_inquiry, payment_status, and statement_request, so no single sub-intent applies"
contact_reason,Producto,,card_support,,other,credit,"Product-servicing contacts concern existing products; cards are the servicing product with self-service actions (status, protective block). Assumed: the reason does not say which product, so the strict scenario maps it to other and the alternative scenario to credit"
contact_reason,Queja,,dispute,,other,dispute,"Complaint contacts include contested and unrecognized charges, and dispute is the only complaint-handling workflow in scope. Assumed: some complaints are about service or the app, so the strict scenario maps it to other"
contact_reason,Comercial,,credit,credit_product_info,other,credit,"Commercial contacts are about offers and product information; the campaigns in the data promote credit cards and personal loans most. Assumed: the reason does not say credit, so the strict scenario maps it to other"
contact_reason,Técnico,,other,,other,other,"Technical support (app, access, errors) is outside the four workflows"
contact_reason,Retención,,other,,other,other,"Retention (closing or keeping products) is outside the four workflows"
contact_reason,Transactional,,account_inquiry,,account_inquiry,account_inquiry,"Dictionary (English) spelling of Transaccional; same rationale"
contact_reason,Product,,card_support,,other,credit,"Dictionary (English) spelling of Producto; same rationale"
contact_reason,Complaint,,dispute,,other,dispute,"Dictionary (English) spelling of Queja; same rationale"
contact_reason,Commercial,,credit,credit_product_info,other,credit,"Dictionary (English) spelling of Comercial; same rationale"
contact_reason,Technical,,other,,other,other,"Dictionary (English) spelling of Técnico; same rationale"
contact_reason,Retention,,other,,other,other,"Dictionary (English) spelling of Retención; same rationale"
reason_category,transactional,,account_inquiry,,account_inquiry,account_inquiry,"Canonical silver code of Transaccional; must agree with the contact_reason row"
reason_category,product,,card_support,,other,credit,"Canonical silver code of Producto; must agree with the contact_reason row"
reason_category,complaint,,dispute,,other,dispute,"Canonical silver code of Queja; must agree with the contact_reason row"
reason_category,commercial,,credit,credit_product_info,other,credit,"Canonical silver code of Comercial; must agree with the contact_reason row"
reason_category,technical,,other,,other,other,"Canonical silver code of Técnico; must agree with the contact_reason row"
reason_category,retention,,other,,other,other,"Canonical silver code of Retención; must agree with the contact_reason row"
complaint_category,Transactions,Cargo no reconocido,dispute,dispute_new,dispute,dispute,"An unrecognized charge is the core transaction dispute"
complaint_category,Transactions,,dispute,dispute_new,dispute,dispute,"Transaction complaints without a subcategory; the only observed subcategory of the category is an unrecognized charge"
complaint_category,Fees,Cobro indebido,dispute,dispute_new,dispute,dispute,"An undue fee is a contested charge, taken in through the same dispute intake"
complaint_category,Fees,,dispute,dispute_new,dispute,dispute,"Fee complaints without a subcategory; the only observed subcategory of the category is an undue charge"
complaint_category,Technical,Problema con app,other,,other,other,"App problems are technical support, outside the four workflows"
complaint_category,Technical,,other,,other,other,"Technical complaints without a subcategory; outside the four workflows"
complaint_category,Service,Calidad de servicio,other,,other,other,"Service quality complaints need a human and are outside the four workflows"
complaint_category,Service,,other,,other,other,"Service complaints without a subcategory; outside the four workflows"
complaint_category,Branch,Atención en sucursal,other,,other,other,"Branch service complaints are outside the four workflows"
complaint_category,Branch,,other,,other,other,"Branch complaints without a subcategory; outside the four workflows"
