date,source_currency,target_currency,exchange_rate,buy_rate,sell_rate,source
2024-01-01,MXN,USD,0.058000,0.058000,0.058000,Internal
2024-01-01,COP,USD,0.000250,0.000250,0.000250,Internal
2024-01-01,ARS,USD,0.001200,0.001200,0.001200,Internal
2024-01-02,MXN,USD,0.058000,0.058000,0.058000,Internal
2024-01-02,COP,USD,0.000250,0.000250,0.000250,Internal
2024-01-02,ARS,USD,0.001200,0.001200,0.001200,Internal
2024-01-03,MXN,USD,0.058000,0.058000,0.058000,Internal
2024-01-03,COP,USD,0.000250,0.000250,0.000250,Internal
2024-01-03,ARS,USD,0.001200,0.001200,0.001200,Internal
2024-01-04,MXN,USD,0.058000,0.058000,0.058000,Internal
2024-01-04,COP,USD,0.000250,0.000250,0.000250,Internal
2024-01-04,ARS,USD,0.001200,0.001200,0.001200,Internal
