branch_id,branch_code,branch_name,branch_type,address,city,state,country,postal_code,geographic_zone,phone,email,opening_time,closing_time,has_atms,atm_count,has_teller_windows,teller_window_count,latitude,longitude,branch_opening_date,branch_status
SUC-01J639PQ,S0185,Banco LATAM Cali Centro,Express,"Circular Avenida Caracas #504, Barrio San Fernando",Cali,Valle del Cauca,Colombia,762627,Urbana,+57 5 322 6601,sucursal0185@bancolatam.com,09:30:00,18:00:00,True,8,True,10,3.5511927,-76.5392631,1991-06-04,Active
SUC-033KHYS2,S0144,Banco LATAM Puebla Plaza,Premium,"Camino 5 de Mayo 3, Centro",Puebla,Puebla,México,72000,Urbana,+54 69 5850 5327,sucursal0144@bancolatam.com,09:30:00,17:00:00,True,2,True,5,0.0748281,0.0704497,2006-02-27,Active
SUC-06H3RFFA,S0330,Banco LATAM Córdoba Oeste,Express,"Camino Avenida Belgrano 716, Jardín",Córdoba,Córdoba,Argentina,X5000,Urbana,+54 34 3200 4244,sucursal0330@bancolatam.com,09:30:00,17:30:00,True,6,True,4,-31.4299678,-64.1259259,1998-04-30,Active
SUC-06LBAMRN,S0257,Banco LATAM Medellín 257,Express,"Calle 756 #9-73, Barrio El Poblado",Medellín,Antioquia,Colombia,51389,Urbana,+57 5 602 9270,sucursal0257@bancolatam.com,09:00:00,20:00:00,True,4,True,11,6.256924,-75.4752839,1991-06-02,Active
SUC-0MPZUQLJ,S0281,Banco LATAM Rosario Centro,Express,"Diagonal Avenida Belgrano 53, Pellegrini",Rosario,Santa Fe,Argentina,S2000,Urbana,+54 73 9410 8993,sucursal0281@bancolatam.com,08:30:00,17:00:00,True,6,True,3,-32.9597991,-60.68773,1992-11-06,Active
SUC-0N077NAM,S0322,Banco LATAM Córdoba Centro,Corporate,"Avenida Calle Lavalle 332, Cerro de las Rosas",Córdoba,Córdoba,Argentina,X5000,Urbana,+54 63 5940 9185,sucursal0322@bancolatam.com,08:00:00,20:00:00,True,8,True,12,-31.4858082,-64.0969931,2016-11-28,Temporarily Closed
SUC-0OJNMRLP,S0159,Banco LATAM Puebla Plaza,Corporate,"Andador México 324, Centro",Puebla,Puebla,México,72000,Urbana,+54 24 5748 5937,sucursal0159@bancolatam.com,08:00:00,18:00:00,True,8,True,10,-0.0237173,0.0644245,1991-05-20,Active
SUC-10TO2Y3U,S0321,Banco LATAM Córdoba Sur,Main,"Calle Avenida 9 de Julio 17, San Vicente",Córdoba,Córdoba,Argentina,X5000,Urbana,+54 76 2764 6359,sucursal0321@bancolatam.com,09:00:00,20:00:00,True,7,True,6,-31.3951653,-64.1019345,2007-09-21,Active
SUC-115U74JL,S0344,Banco LATAM Córdoba Este,Corporate,"Camino Avenida Libertador 679, General Paz",Córdoba,Córdoba,Argentina,X5000,Urbana,+54 65 2218 5177,sucursal0344@bancolatam.com,09:00:00,19:00:00,True,7,True,5,-31.4400881,-64.2721492,2001-05-27,Active
SUC-1AT6YUKJ,S0119,Banco LATAM Guadalajara 119,Main,"Camino Chapultepec 526, Centro",Guadalajara,Jalisco,México,44100,Urbana,+54 28 2989 1195,sucursal0119@bancolatam.com,08:00:00,17:30:00,True,3,True,6,20.7244347,-103.3751521,2018-04-10,Active
