send_id,send_date,process_date,campaign_id,customer_id,send_channel,template_used,subject,send_status,was_delivered,was_opened,open_date,was_clicked,click_date,click_count,had_conversion,conversion_date,conversion_value,open_device,open_country,failure_reason,send_cost
SND-042X4UFY4IB1Q945NQUQ,2025-06-25 08:20:00,2025-06-25,CMP-06IKIC4I9JS9,CLI-Y15WQL0D9JH4,WhatsApp,template_CMP-06IKIC4I9JS9_3,,Sent,True,,,False,,,False,,,,,,
SND-063CHCXVIKWU8UHW710V,2025-07-28 14:24:33,2025-07-28,CMP-8PAOSSK1JN2N,CLI-JHN3W46AKAVA,WhatsApp,template_CMP-8PAOSSK1JN2N_3,,Sent,True,,,False,,,False,,,,,,0.0501
SND-08ICC681CMWY5ZI1FR11,2025-07-03 09:22:38,2025-07-03,CMP-1MQRF3372LIG,CLI-FKPNY8NAT22F,Push,template_CMP-1MQRF3372LIG_5,,Sent,True,False,,False,,,False,,,,,,0.0005
SND-0FHU3AIPNZX1GWFI84BV,2026-03-02 14:16:40,2026-03-02,CMP-0SCQMRQB1JT6,CLI-QZGUG3KBZ2ZG,SMS,,,Sent,True,False,,False,,,False,,,,,,0.0762
SND-0N98KF6E2W7JZMH3CLDC,2026-01-12 19:17:12,2026-01-12,CMP-173ISW5CHVBB,CLI-ENKUS1R7IGTO,Email,template_CMP-173ISW5CHVBB_2,¡Oferta especial en Préstamo Personal!,Sent,True,False,,False,,,False,,,,,,0.0071
SND-121IEKN2BQ98QRPLGW33,2026-04-24 10:26:37,2026-04-24,CMP-87I0X74PXUB0,CLI-R53C8RPXD32P,WhatsApp,,,Sent,True,,,False,,,False,,,,,,0.0215
SND-18R2VGDOR3B2W1K55Y6W,2025-07-31 18:59:52,2025-07-31,CMP-8PAOSSK1JN2N,CLI-M78UJJ6XFNOT,WhatsApp,template_CMP-8PAOSSK1JN2N_1,,Sent,True,,,False,,,False,,,,,,0.026
SND-1B7K6U6AN1J4TX4SAHPC,2025-12-29 11:32:25,2025-12-29,CMP-J48OP2EJE7FW,CLI-5L6EGAWYR2Q2,Push,template_CMP-J48OP2EJE7FW_1,,Sent,True,True,2026-01-02 15:47:59,True,2026-01-02 16:15:04,5.0,False,,,Tablet,,,0.0002
SND-1Q5SOYPX3GSQZ0ZRFMUG,2025-07-14 08:13:54,2025-07-14,CMP-4Z5J0NFQM5EO,CLI-J9EWXIOYWJ7R,Email,template_CMP-4Z5J0NFQM5EO_4,¡Oferta especial en Cuenta Corriente!,Sent,True,False,,False,,,False,,,,,,0.0023
SND-1VQKA0S9LQG423MXN3MK,2026-05-11 18:03:14,2026-05-11,CMP-Y0KZ3A1FLMPE,CLI-FKPNY8NAT22F,Push,template_CMP-Y0KZ3A1FLMPE_4,,Sent,True,True,2026-05-13 04:12:06,False,,,False,,,Tablet,México,,0.0002
