transaction_id,transaction_date,process_date,product_id,customer_id,transaction_type,transaction_category,amount,currency,amount_usd,channel,branch_id,merchant_name,merchant_category,transaction_country,transaction_city,transaction_status,response_code,is_fraud,fraud_score,latitude,longitude
TRX-01Z3FVAVD6QZ3TAEVVJS,2026-06-02 01:33:38,2026-06-01,PRD-EG3OR9572TN1,CLI-898HYDPSE4K6,Purchase,Transport,269.24,USD,,ATM,SUC-FGQWMFNS,Taxi Seguro,Transport,México,Guadalajara,Approved,00,False,28.72,0.1667712,0.9121641
TRX-023CIJMZV2ES7I785NLW,2026-02-04 23:02:57,2026-02-04,PRD-1F6D9RZUC9QO,CLI-DMSDCHOBUHLX,Withdrawal,,415.43,USD,,ATM,SUC-7G8CGE3F,,,México,,Approved,00,False,4.73,,
TRX-044AQN3J8AL0V2FY1462,2026-03-13 01:27:45,2026-03-12,PRD-7N3R25GSYY9B,CLI-ODH9G3RG7J9J,Withdrawal,,1342626.14,COP,335.66,Web,,,,Colombia,Cali,Approved,00,False,27.61,,
TRX-057NAUTGYY876EY7HME9,2025-12-02 01:53:59,2025-12-01,PRD-KP7HKFLTK3U5,CLI-1DC1593XLI10,Payment,Transport,1389.35,USD,,POS,,,,Argentina,Córdoba,Approved,00,False,16.44,-0.2060199,0.899917
TRX-0676D4RTLQDJDCZMC3WE,2025-07-09 13:23:47,2025-07-09,PRD-JS286WK7GODM,CLI-TP8JBA2IK7EJ,Withdrawal,,408.08,USD,,Web,,,,México,Guadalajara,Approved,00,False,,,
TRX-06VPB13V0FXISHRMU8NE,2026-03-03 04:35:47,2026-03-02,PRD-EG3OR9572TN1,CLI-898HYDPSE4K6,Payment,Food,1712.96,USD,,Web,,,,México,Guadalajara,Approved,00,False,21.26,,
TRX-0A25RV46ZKR33QDO0PHK,2026-02-09 09:26:42,2026-02-09,PRD-6MXVORJTLXV6,CLI-TJIM7P52K5F7,Payment,Transport,1884.07,USD,,POS,,,,México,Guadalajara,Approved,00,False,15.09,0.0111191,-0.1143079
TRX-0B8HNNG88FYCX8RDKGKL,2025-10-23 06:39:06,2025-10-23,PRD-1F6D9RZUC9QO,CLI-DMSDCHOBUHLX,Withdrawal,,374.01,USD,,ATM,SUC-7SL55GEJ,,,México,Querétaro,Approved,00,False,22.56,-0.0677532,-0.1341142
TRX-0C0DW0HQSPH566LMFQ2W,2026-01-19 06:05:11,2026-01-19,PRD-TX0R0F8IPBEI,CLI-EJXBYCD0J96O,Payment,Entertainment,601.01,USD,,App,,,,México,Puebla,Approved,00,False,10.33,,
TRX-0EIV5ACECXRNZQ72FOWS,2025-09-12 21:36:33,2025-09-12,PRD-FJB80FBRBO6Y,CLI-QZGUG3KBZ2ZG,Purchase,Entertainment,270.14,USD,,ATM,SUC-JYU0POJ9,Teatro Nacional,Entertainment,México,Tijuana,Approved,00,False,,0.6306797,-0.400473
